timestamp,price_close,log_return_15d,log_return_30d,log_return_90d,sma_30d,sma_90d,sma_180d,vol_30d,vol_90d,drawdown_180d,n-transactions,n-unique-addresses,hash-rate,avg-block-size,miners-revenue,sp500_close,dxy_close,sp500_15d_return,dxy_15d_return,news_sentiment,fear_greed,news_sentiment_15d_mean,fear_greed_15d_mean,news_sentiment_15d_trend,target_log_return_1y,target_vol_1y,target_log_return_5y,target_vol_5y
2012-01-01 00:00:00+00:00,4.84,,,,,,,,,,,,,,,,,,,,,,,,1.0063278297803218,,5.284650012147181,
2012-01-16 00:00:00+00:00,7.1,0.38318006331872934,,,,,,,,,,,,,,,,,,,,,,,0.6945546403278251,0.04045652429388978,4.763569373384314,0.049281910626859035
2012-01-31 00:00:00+00:00,5.55,-0.2462968562889265,0.1368832070298028,,6.364,,,0.08420369133700141,,,,,,,,,,,,,,,,,1.24682516868208,0.03625264230899769,5.10243399235399,0.04858381524007798
2012-02-15 00:00:00+00:00,4.69,-0.16836534530015498,-0.41466220158908157,,5.984999999999999,,,0.0887852932869113,,,,,,,,,,,,,,,,,1.7384816385892348,0.03292190173862699,5.362502680325893,0.04809393457490301
2012-03-01 00:00:00+00:00,5.03,0.06998740165345989,-0.09837794364669523,,5.249666666666667,,,0.06707364144506187,,,,,,,,,,,,,,,,,1.9313197028411657,0.03267033465523267,5.470807786842813,0.04794098330458606
2012-03-16 00:00:00+00:00,5.39,0.06912540080925776,0.1391128024627176,,4.913,,,0.03837931581082717,,,,,,,,,,,,,,,,,2.1656022167891527,0.0350723711087537,5.44620143382227,0.04795471915143422
2012-03-31 00:00:00+00:00,4.92,-0.09123685441668901,-0.02211145360743115,0.016393809775676352,4.9543333333333335,5.522666666666667,,0.027958772996198596,0.0635746484522158,,,,,,,,,,,,,,,,2.9508369536461,0.03923215959702122,5.342081370574561,0.04818813081879642
2012-04-15 00:00:00+00:00,4.92,0.0,-0.09123685441668901,-0.3667862535430529,4.879333333333333,5.259111111111111,,0.02480607535090376,0.057506457486330896,,,,,,,,,,,,,,,,2.872599588150367,0.06851838252002615,5.46918297112723,0.04820150349258159
2012-04-30 00:00:00+00:00,5.0,0.016129381929883717,0.016129381929883717,-0.10436001532424276,4.972333333333334,5.058777777777778,,0.020838250625287994,0.04318183889605987,,,,,,,,,,,,,,,,3.3093744476753035,0.07351777636389888,5.5880198965001995,0.04817470060673995
2012-05-15 00:00:00+00:00,4.95,-0.01005033585350145,0.0060790460763821925,0.05395499412241079,5.037999999999999,4.943444444444444,,0.01625103002205262,0.027866315043349136,,,,,,,,,,,,,,,,3.095257615835095,0.07584848635814133,5.871975511606498,0.04830735616004591
2012-05-30 00:00:00+00:00,5.13,0.035718082602079246,0.025667746748577813,0.01968567507103036,5.045333333333333,4.990666666666667,,0.008655970191621284,0.020520561838262397,,,,,,,,,,,,,,,,3.208845178899022,0.07605758436224368,6.113203361081859,0.04846817333050878
2012-06-14 00:00:00+00:00,5.87,0.134748974657327,0.17046705725940622,0.08530924891909929,5.273333333333334,5.063555555555555,,0.01587561608938739,0.019539409462844583,,,,,,,,,,,,,,,,2.8365148327235685,0.07644220908938461,6.134764405583299,0.04868690511208863
2012-06-29 00:00:00+00:00,6.57,0.11265919865651415,0.24740817331384096,0.28920530199230243,5.934,5.317222222222222,5.419944444444444,0.026053744635283718,0.019997862389104358,-0.0811188811188811,,,,,,,,,,,,,,,2.6006017074842664,0.07655818602403384,5.96498695197276,0.048874466531124844
2012-07-14 00:00:00+00:00,7.44,0.1243570163484813,0.2370162150049955,0.4135623183407838,6.604333333333333,5.6385555555555555,5.448833333333333,0.028175388788169345,0.020914908851064493,-0.027450980392156876,,,,,,,,,,,,,,,2.518498266939536,0.07755319321331099,5.754120339648132,0.048896290755985186
2012-07-29 00:00:00+00:00,8.72,0.1587483890758878,0.28310540542436924,0.556181325486788,7.710666666666667,6.23,5.644388888888889,0.03381576063337751,0.025154913791215136,-0.05217391304347807,,,,,,,,,,,,,,,2.3700936830519814,0.07728789517605893,5.754427623262831,0.049296244291813694
2012-08-13 00:00:00+00:00,11.58,0.2836602342239608,0.44240862329984865,0.8498918955642503,9.601999999999999,7.159888888888888,6.051666666666667,0.03708112352945587,0.028352844945495184,-0.009409751924721932,,,,,,,,,,,,,,,2.1237806599250084,0.07709994588132607,5.812246976251618,0.04935991254238378
2012-08-28 00:00:00+00:00,11.17,-0.03604785906373982,0.24761237516022105,0.7781259538984312,10.795,8.146555555555556,6.56861111111111,0.0764437747196997,0.04998211159570179,-0.16766020864381526,,,,,,,,,,,,,,,2.368409716022761,0.0745985784894211,5.965825313829346,0.0486478982726225
2012-09-12 00:00:00+00:00,11.13,-0.0035874477936557693,-0.039635306857395636,0.6397895314474484,10.806333333333333,9.004222222222221,7.03388888888889,0.07503193777947426,0.0508425579479319,-0.1706408345752607,,,,,,,,,,,,,,,2.4430109034010057,0.0745631980698204,5.932640723141923,0.04871347732443977
2012-09-27 00:00:00+00:00,12.25,0.0958817717032825,0.09229432390962672,0.6230121044942168,11.285666666666666,9.930444444444445,7.623833333333333,0.02476058407277663,0.049841729841304215,-0.08718330849478395,,,,,,,,,,,,,,,2.3306766017318026,0.07452367770542158,5.7653216041533755,0.04898966756069371
2012-10-12 00:00:00+00:00,12.0,-0.020619287202735703,0.07526248450054678,0.47803580094299974,12.066333333333331,10.82488888888889,8.231722222222222,0.020722910584592746,0.04969787832161805,-0.10581222056631889,,,,,,,,,,,,,,,2.3666547542339913,0.0748381715424656,5.997920744276171,0.04902042773444714
2012-10-27 00:00:00+00:00,10.62,-0.12216763397420766,-0.14278692117694328,0.19711977789290439,11.805333333333332,11.295333333333334,8.762666666666666,0.031677234062649176,0.04959622196488877,-0.20864381520119235,,,,,,,,,,,,,,,2.904036082724365,0.07501223495871275,6.318747529877008,0.049059584630794136
2012-11-11 00:00:00+00:00,10.64,0.0018814680997055703,-0.12028616587450193,-0.08465898823135085,11.073666666666668,11.315444444444445,9.237666666666666,0.02956417374588987,0.047606615817164355,-0.20715350223546936,,,,,,,,,,,,,,,3.446520509063202,0.07632662727950708,6.413489771434365,0.0491255981895951
2012-11-26 00:00:00+00:00,12.23,0.13927146578558258,0.14115293388528832,0.09066033661797161,11.162,11.417666666666666,9.78211111111111,0.016424257372537436,0.02513754638004982,-0.08867362146050672,,,,,,,,,,,,,,,4.24392929136673,0.0781911504307391,6.556800423483129,0.04927534478651953
2012-12-11 00:00:00+00:00,13.4,0.0913627572577847,0.23063422304336736,0.18561054166941213,12.206,11.781999999999998,10.39311111111111,0.015533101718324359,0.02294579076863812,-0.0014903129657227732,,,,,,,,,,,,,,,4.184803554855074,0.0816685757783116,7.015910021477887,0.04974028896834835
2012-12-26 00:00:00+00:00,13.16,-0.018072781059694506,0.07328997619809008,0.07165598890643515,13.037333333333333,12.001555555555553,10.966,0.013332980296681556,0.0221191663061433,-0.026627218934911157,,,,,,,,,,,,,,,4.031371852724182,0.08367630999418228,6.973631952646401,0.05025805371176234
2013-01-10 00:00:00+00:00,13.9,0.05470691423947493,0.036634133179780384,0.14698219034864585,13.260333333333334,12.179999999999998,11.502444444444444,0.010101241415228014,0.020489319016688337,0.0,,,,,,,,,,,,,,,4.094188674772523,0.08428072139961718,6.966959001829206,0.050719113769010206
2013-01-25 00:00:00+00:00,17.3,0.21881766136708722,0.2735245756065621,0.4879674856899406,14.403,12.867444444444446,12.08138888888889,0.023837329991210347,0.018404901111202073,-0.05205479452054795,,,,,,,,,,,,,,,3.846228975853026,0.08440839724696061,6.459274659637221,0.051503900168256914
2013-02-09 00:00:00+00:00,23.25,0.295598630529632,0.5144162918967192,0.781684648119867,17.836,14.434111111111113,12.874777777777778,0.028829153863811702,0.020638112314590545,0.0,,,,,,,,,,,,,,,3.410473224124677,0.08439472553392637,5.86785732569651,0.05202331148785112
2013-02-24 00:00:00+00:00,30.28,0.2641822965358828,0.5597809270655147,0.906595478870167,23.782333333333334,17.07422222222222,14.245944444444444,0.03438791415988647,0.025945623982567334,-0.03811944091486652,,,,,,,,,,,,,,,2.9066772581780356,0.08458607208775755,5.82061295540135,0.05209796653824787
2013-03-11 00:00:00+00:00,48.3,0.4669441320892788,0.7311264286251615,1.2821768537016611,33.08266666666667,21.393,16.5875,0.05376432369755802,0.03661311411436465,0.0,,,,,,,,,,,,,,,2.5610877943167827,0.08488080129354335,5.241086242720974,0.05194257072674328
2013-03-26 00:00:00+00:00,77.89,0.47786601427333014,0.9448101463626091,1.7781156490346859,48.82433333333333,29.00322222222222,20.502388888888888,0.0742621146744237,0.049522127120564134,0.0,,,,,,,,,,,,,,,2.0146034078963697,0.08314341645642796,4.70599507495297,0.051582939072957204
2013-04-10 00:00:00+00:00,130.0,0.5122368755237253,0.9901028897970555,2.2356456103189366,94.17033333333333,48.36299999999999,30.2715,0.13911872045140264,0.08695715780970724,-0.43355119825708066,,,,,,,,,,,,,,,1.1070382289821814,0.08144853659669805,3.938509130663973,0.05098899420145182
2013-04-25 00:00:00+00:00,145.5,0.1126416361559648,0.62487851167969,2.129469585107814,117.28466666666667,63.29711111111111,38.082277777777776,0.22146504934459801,0.13489122397335762,-0.36601307189542487,,,,,,,,,,,,,,,1.1522887662178753,0.05683282836438767,4.174916867936769,0.04369172432078666
2013-05-10 00:00:00+00:00,118.5,-0.20526312603636135,-0.09262148988039656,1.6286078285418206,111.73933333333333,79.66411111111111,47.04911111111111,0.1944515939197424,0.14074183448494754,-0.4836601307189542,,,,,,,,,,,,,,,1.3425232260947324,0.05372246705301575,4.360891347629132,0.04292036695904732
2013-05-25 00:00:00+00:00,128.5,0.08101594376008868,-0.12424718227627275,1.4454414757660263,118.142,94.75033333333334,55.912277777777774,0.07200183462047757,0.14033276500759745,-0.44008714596949894,,,,,,,,,,,,,,,1.496334571384978,0.05365434911997041,4.0780622682400764,0.04291636504263974
2013-06-09 00:00:00+00:00,99.94,-0.2513588984192156,-0.170342954659127,0.727138445257532,119.472,108.46055555555554,64.92677777777777,0.03521218030354306,0.13909054546013644,-0.5645315904139434,,,,,,,,,,,,,,,1.8725869553189163,0.053653126247062914,4.335364857273567,0.04285677581112476
2013-06-24 00:00:00+00:00,99.47,-0.004713914751736404,-0.25607281317095193,0.24455851623246536,112.07600000000001,115.83422222222222,72.41872222222221,0.0347859746086552,0.13503405215355407,-0.5665795206971678,,,,,,,,,,,,,,,1.7735319554687896,0.05336827958153629,4.123832435878289,0.04287920521056475
2013-07-09 00:00:00+00:00,75.06,-0.2815682974574477,-0.28628221220918415,-0.5492466567487077,93.10433333333332,108.10522222222224,78.2341111111111,0.04844480130208993,0.11617410094603245,-0.6729411764705882,,,,,,,,,,,,,,,2.11863150972543,0.0520237849557146,4.500635335237141,0.04256574819748539
2013-07-24 00:00:00+00:00,87.92,0.15813951638849114,-0.12342878106895658,-0.5037487765161812,85.39,105.20266666666666,84.24988888888889,0.05138482913241396,0.05429794289957021,-0.6169063180827887,,,,,,,,,,,,,,,1.9188175933899108,0.05159441506745162,4.478270853684033,0.042542701955146665
2013-08-08 00:00:00+00:00,93.85,0.06527045293715185,0.22340996932564297,-0.2332151975426681,91.26,101.27877777777778,90.47144444444444,0.030561466019217977,0.03907091475982047,-0.5910675381263617,,,,,,,,,,,,,,,1.8405411767736248,0.051549468413388685,4.31193909316819,0.04257431993097752
2013-08-23 00:00:00+00:00,107.12,0.13225193835039933,0.1975223912875512,-0.1819792029523574,97.42800000000001,98.298,96.52416666666666,0.023695811686722128,0.0384492764569188,-0.5332461873638343,,,,,,,,,,,,,,,1.5346403247137117,0.05193157526123431,4.09555741864731,0.04261127549448772
2013-09-07 00:00:00+00:00,118.78,0.10332334120479703,0.23557527955519636,0.1727030366716552,110.66199999999999,98.34211111111112,103.40133333333334,0.02809009629141543,0.037317768927107066,-0.48244008714596953,,,,,,,,,,,,,,,1.396054622914062,0.05167562518048654,3.9953852843268627,0.04257245454773148
2013-09-22 00:00:00+00:00,122.95,0.03450472607448748,0.13782806727928446,0.21192167749787905,122.93599999999999,101.918,108.87611111111111,0.02650568297743231,0.03597305387549779,-0.46427015250544656,,,,,,,,,,,,,,,1.1856688501233277,0.051884657080194824,4.005977688233871,0.04260791378367442
2013-10-07 00:00:00+00:00,123.52,0.004625317614264457,0.0391300436887519,0.49811529256959125,123.86733333333333,108.59644444444443,108.35083333333334,0.031808534187827,0.03000338947456125,-0.18220338983050843,,,,,,,,,,,,,,,0.9805053663692186,0.05200379555866675,3.9703698140274306,0.042488258837630015
2013-10-22 00:00:00+00:00,189.3,0.42692997193881127,0.4315552895530756,0.7669057481199114,134.00866666666667,118.12422222222223,111.66344444444444,0.03793843034376418,0.029982098136223316,0.0,,,,,,,,,,,,,,,0.7097024622729229,0.05211912829127677,3.52677838577894,0.042390746109735374
2013-11-06 00:00:00+00:00,260.48,0.31919302459889826,0.7461229965377096,1.020828319781658,175.97299999999998,136.8341111111111,119.05644444444444,0.036910207433638265,0.0336224171253324,0.0,,,,,,,,,,,,,,,0.28674105858400645,0.05153444182582127,3.1971896680867733,0.042178025434810626
2013-11-21 00:00:00+00:00,700.5,0.9892682829628862,1.3084613075617844,1.8778446643941447,322.89533333333327,193.28,145.78900000000002,0.07251274956521989,0.05185636995893094,0.0,,,,,,,,,,,,,,,-0.6740025631576557,0.048249469291046614,1.8700172432857496,0.041357483817172844
2013-12-06 00:00:00+00:00,800.01,0.1328298618127413,1.1220981447756273,1.9073511850020888,692.5473333333333,330.79588888888884,214.56900000000002,0.10301748377744661,0.0667690497718717,-0.30013384772852525,,,,,,,,,,,,,,,-0.7594063263007472,0.044532416457356366,1.5402682418146114,0.04089562955536783
2013-12-21 00:00:00+00:00,605.0,-0.2793957695589615,-0.14656590774622022,1.59345068936864,858.141,438.3483333333333,270.1331666666667,0.10790337446958759,0.07986345883238913,-0.47073283818421996,,,,,,,,,,,,,,,-0.6124587818347592,0.03739637647059732,1.8998328307154495,0.0396612805574809
2014-01-05 00:00:00+00:00,908.0,0.4060159205704518,0.12662015101149038,1.9948412923248273,750.0236666666666,539.5146666666667,324.05555555555554,0.08214227475131657,0.0793083154406347,-0.20566184639879614,,,,,,,,,,,,,,,-1.1879491548577787,0.03705584276596495,1.420307323622929,0.03959133639335922
2014-01-20 00:00:00+00:00,829.21,-0.09077093829569695,0.31524498227475484,1.477140382090319,781.6473333333332,654.2278888888889,386.1760555555556,0.043975485287671146,0.0809404861049018,-0.274589052480557,,,,,,,,,,,,,,,-1.364925440303288,0.040439351588515055,1.496681656449276,0.03946746323986478
2014-02-04 00:00:00+00:00,809.48,-0.02408137410213773,-0.11485231239783465,1.133865983389283,820.462,754.3443333333333,445.5892222222222,0.03243666680381304,0.0795076088778167,-0.2918492857080369,,,,,,,,,,,,,,,-1.2810475051305474,0.041238323197798604,1.4415679321656978,0.03947527796424454
2014-02-19 00:00:00+00:00,630.46,-0.2499423545239211,-0.2740237286260589,-0.10534465409752419,743.9106666666667,794.5663333333333,493.92316666666665,0.029992397883420847,0.06920313677365843,-0.4484598763002038,,,,,,,,,,,,,,,-0.9573880262639688,0.040976052272641166,1.8177719649603141,0.03934677715961224
2014-03-06 00:00:00+00:00,658.99,0.044258648201007285,-0.20568370632291386,-0.1939158677092582,639.669,736.7182222222223,533.7570555555556,0.062494230774896964,0.06193618210063599,-0.4235012116281307,,,,,,,,,,,,,,,-0.8844652144036846,0.03843514979820845,1.7621077426956877,0.03882757983240655
2014-03-21 00:00:00+00:00,582.0,-0.12423791214910689,-0.0799792639480997,-0.0387580102994036,610.987,712.1816666666666,575.265,0.059257735937805284,0.046205850341394974,-0.4908537385507702,,,,,,,,,,,,,,,-0.8057888167159101,0.03854347036331281,1.9305497758154229,0.03876002381014219
2014-04-05 00:00:00+00:00,454.84,-0.24652473897491575,-0.3707626511240226,-0.6912986698447713,562.83,674.3203333333333,606.9175,0.04184842313619837,0.04689000679541266,-0.6020960729251414,,,,,,,,,,,,,,,-0.5709474479011875,0.037331978548159846,2.36123266512709,0.038632166145866585
2014-04-20 00:00:00+00:00,497.04,0.08872479699891639,-0.15779994197599934,-0.5118029345501579,481.85833333333335,612.252,633.2399444444444,0.05492324919823184,0.04926832700874374,-0.565178594861297,,,,,,,,,,,,,,,-0.7958198226172408,0.03598754749929115,2.366108341553196,0.03841309747534351
2014-05-05 00:00:00+00:00,427.22,-0.15137140272590976,-0.06264660572699333,-0.6390929631739299,459.9696666666667,554.1562222222221,654.2502777777777,0.04344626852946081,0.04976037966561064,-0.6262586498001032,,,,,,,,,,,,,,,-0.6033464449500431,0.03595983934317065,2.5749035033331595,0.03842859939778009
2014-05-20 00:00:00+00:00,489.91,0.1369225977357185,-0.014448804990191277,-0.2522280109142903,453.678,515.5077777777778,655.0370555555555,0.028122805292071465,0.04887411476180738,-0.5714160739749276,,,,,,,,,,,,,,,-0.7398839747593007,0.03586520479367164,2.7870375272299723,0.03867238097194586
2014-06-04 00:00:00+00:00,644.9,0.27487356525108453,0.41179616298680294,-0.02161309386421305,516.6273333333334,513.1423333333333,624.9302777777777,0.03079766033857246,0.04013935070271767,-0.331619803704126,,,,,,,,,,,,,,,-1.0534394070510615,0.03483429596586301,2.5866523284217995,0.03860859854435914
2014-06-19 00:00:00+00:00,605.77,-0.06259488994357106,0.2122786753075134,0.04002992834132275,601.445,512.3271111111111,612.2543888888888,0.032314638116518274,0.04008702676819633,-0.341547190730334,,,,,,,,,,,,,,,-0.9052421655280337,0.03453407234815017,2.7068146460355136,0.038700882015204656
2014-07-04 00:00:00+00:00,633.97,0.045501258632917034,-0.01709363131065394,0.3320559259491558,612.5406666666667,529.7125555555556,602.0164444444445,0.026941622505546974,0.03481311282302062,-0.31089468363786565,,,,,,,,,,,,,,,-0.9023031754321917,0.03427585829290545,2.8785410662974633,0.03964752825129765
2014-07-19 00:00:00+00:00,631.96,-0.0031755337010294267,0.042325724931887694,0.2401555952492099,617.3583333333333,557.4937777777778,584.8728888888888,0.020007140733531933,0.027181230317433518,-0.23557232886985757,,,,,,,,,,,,,,,-0.8290413670867044,0.03508529765540779,2.8131575041233727,0.039888252675838634
2014-08-03 00:00:00+00:00,586.15,-0.07525037148681102,-0.07842590518784048,0.31627662648830857,613.329,580.8323333333334,567.4942777777778,0.014129995652429818,0.025769494375710845,-0.27089423208488295,,,,,,,,,,,,,,,-0.7254469190524708,0.035043786842310014,2.8828845780718986,0.03999156247343542
2014-08-18 00:00:00+00:00,463.43,-0.23492038072854154,-0.3101707522153525,-0.055566351975951445,575.491,598.098111111111,556.8029444444444,0.022667558601862516,0.026292691035454018,-0.3214887044113556,,,,,,,,,,,,,,,-0.6076798385584639,0.03476272936697475,3.0892085847964705,0.04003575856568998
2014-09-02 00:00:00+00:00,477.0,0.0288611420990454,-0.206059238629496,-0.30157877512799036,527.8326666666667,584.5674444444444,548.8548888888889,0.02972810638211577,0.024423310333379224,-0.28389130761146975,,,,,,,,,,,,,,,-0.7364180131064861,0.034717286252542945,3.0055362583108356,0.040005022504805546
2014-09-17 00:00:00+00:00,447.93,-0.06287952068165902,-0.03401837858261351,-0.3018634058660785,489.194,560.681111111111,536.5041111111111,0.02482350869280715,0.02289980528430912,-0.32753340339288395,,,,,,,,,,,,,,,-0.6532552279318087,0.03469590357065766,3.117451126243526,0.04003482566358189
2014-10-02 00:00:00+00:00,377.3,-0.17159634323641734,-0.23447586391807643,-0.518961007735413,438.23466666666667,526.4654444444444,528.089,0.029680320243370823,0.025401575826883144,-0.4335685332532653,,,,,,,,,,,,,,,-0.4621153958159125,0.03386197522440621,3.0921838877883654,0.04006955175332078
2014-10-17 00:00:00+00:00,378.5,0.003175445907238557,-0.16842089732917873,-0.5126100281271448,381.9123333333333,482.1991111111111,519.8464444444445,0.044208352642438165,0.031926706107561806,-0.43176700195165896,,,,,,,,,,,,,,,-0.3579212382632385,0.03257323443444207,3.045297126566153,0.03987617793870069
2014-11-01 00:00:00+00:00,322.97,-0.15865663322535803,-0.15548118731811947,-0.5960162898656919,361.64433333333335,442.57055555555553,511.7014444444445,0.03979168102048748,0.03304754142081917,-0.5151328629334935,,,,,,,,,,,,,,,-0.028198301384780654,0.0327580642340613,3.353277662461093,0.040080806561207445
2014-11-16 00:00:00+00:00,384.72,0.17495635731726197,0.01629972409190382,-0.1861395518198885,361.21600000000007,410.77411111111115,504.43611111111113,0.041583077908414784,0.03752158306698716,-0.4224290647049992,,,,,,,,,,,,,,,-0.15109252717059907,0.035984496274607806,3.092881533250998,0.039839262680590744
2014-12-01 00:00:00+00:00,377.0,-0.020270609521396494,0.1546857477958654,-0.23527130344033045,366.606,388.8283333333334,486.6978888888889,0.03882841769890289,0.03641326757347931,-0.4286753451437404,,,,,,,,,,,,,,,-0.03844859751818747,0.036119708001396876,2.988334954201375,0.03989795170730547
2014-12-16 00:00:00+00:00,335.47,-0.11671265381231478,-0.1369832633337113,-0.2891044365709862,367.0533333333333,370.0605555555556,465.37083333333334,0.02010084691713986,0.036595395642517396,-0.48697048478360605,,,,,,,,,,,,,,,0.30447913020543743,0.036521848956554796,3.0542030745792488,0.039901297699482544
2014-12-31 00:00:00+00:00,316.67,-0.057672311448830865,-0.1743849652611456,-0.1751804047833997,341.62899999999996,356.6264444444445,441.54594444444444,0.022694406427774375,0.0346494212526769,-0.5030288763339611,,,,,,,,,,,,,,,0.3088973089565482,0.036514383013388295,3.12724434732882,0.039867128224218285
2015-01-15 00:00:00+00:00,218.83,-0.36956504952059643,-0.42723736096942716,-0.5479209002112347,295.202,341.1571111111111,411.6781111111111,0.07067458946877872,0.04858650423197035,-0.649872,,,,,,,,,,,,,,,0.5799519232655287,0.03250765435270715,3.6910910541567583,0.03921067566941773
2015-01-30 00:00:00+00:00,231.6,0.05671657303257146,-0.3128484764880249,-0.3325476939533053,249.432,319.2223333333334,380.89644444444446,0.0768446545659504,0.051248533564509376,-0.6082875264270613,,,,,,,,,,,,,,,0.4891149597082714,0.030700251140526928,3.698742142829136,0.038813047815393645
2015-02-14 00:00:00+00:00,246.57,0.06263418312967808,0.11935075616224972,-0.444869868140889,228.15833333333333,296.80455555555557,353.78933333333333,0.03968809125821199,0.048254265953701796,-0.5316987009040492,,,,,,,,,,,,,,,0.4833184932377814,0.030348467431074,3.7216241405317594,0.03879094823069516
2015-03-01 00:00:00+00:00,247.87,0.005258486350607422,0.06789266948028551,-0.41934077226888505,234.39433333333332,275.1517777777778,331.99005555555556,0.02905208469385858,0.048936624530962376,-0.4902940571663582,,,,,,,,,,,,,,,0.5645084440652212,0.030178106787758913,3.5400122598215034,0.03881225924699061
2015-03-16 00:00:00+00:00,289.0,0.15352227293330645,0.1587807592839139,-0.1491058455232638,262.272,261.8774444444444,315.96900000000005,0.028850538886709423,0.04992376649589636,-0.3397454935916474,,,,,,,,,,,,,,,0.3642104940700219,0.029802069112358862,2.9262301275743923,0.039395660269646346
2015-03-31 00:00:00+00:00,242.92,-0.1736945170830576,-0.02017224414975114,-0.26512805115749055,269.17699999999996,251.0011111111111,303.8137777777778,0.032593022221443085,0.050745023720483506,-0.4203216723142271,,,,,,,,,,,,,,,0.5306912085634564,0.029107685497846293,3.190866587115417,0.039631070402665766
2015-04-15 00:00:00+00:00,219.83,-0.09987765065734884,-0.2735721677404064,0.004559347705757047,248.98933333333332,246.47322222222223,293.8151666666667,0.028736751161981017,0.03311121259669166,-0.4754211807378418,,,,,,,,,,,,,,,0.6591169945726095,0.02866791942706205,3.4300571059820912,0.03975882762738679
2015-04-30 00:00:00+00:00,236.76,0.07419244945049851,-0.02568520120685032,0.022035224123684145,234.55966666666666,246.04366666666667,282.633,0.025080671171168495,0.02877840599373279,-0.43502123800887704,,,,,,,,,,,,,,,0.6532504491284261,0.028482739724160083,3.4855597000648517,0.03980728457373999
2015-05-15 00:00:00+00:00,237.4,0.0026995123530433435,0.0768919618035419,-0.037899446652950614,232.96866666666668,248.07666666666668,272.4406111111111,0.020980891266394297,0.026893137888689893,-0.3785502997303736,,,,,,,,,,,,,,,0.6537764982848566,0.02831951305163251,3.6532184465469046,0.04004508205886356
2015-05-30 00:00:00+00:00,231.06,-0.027069065120695204,-0.024369552767651733,-0.07022699812425319,237.34166666666667,247.02611111111113,261.0889444444444,0.013356499853275397,0.024682944344210554,-0.3919473684210526,,,,,,,,,,,,,,,0.843227563249353,0.02847949142538381,3.711733667748541,0.040124783103863366
2015-06-14 00:00:00+00:00,232.1,0.004490896225518712,-0.02257816889517637,-0.21925837483204083,231.68133333333336,237.87977777777778,249.87861111111113,0.012575679703151273,0.022101625078129208,-0.30984240261671137,,,,,,,,,,,,,,,1.085617114428504,0.02939267773333943,3.7043112554364455,0.04014309770164148
2015-06-29 00:00:00+00:00,254.36,0.09158227311881571,0.09607316934433448,0.04601841536983251,236.28433333333336,236.0618888888889,243.5315,0.015763693952772835,0.018647499213613885,-0.19493590758031332,,,,,,,,,,,,,,,0.9323120406581662,0.03118436945266139,3.5590479905905616,0.040141854841217135
2015-07-14 00:00:00+00:00,290.1,0.13147510472815133,0.22305737784696703,0.27737117075533263,259.64300000000003,241.431,243.95211111111115,0.028236854850317104,0.021591723997444544,-0.06095231929563327,,,,,,,,,,,,,,,0.8161027666863494,0.031079857261047474,3.4591009185209556,0.04002813322926201
2015-07-29 00:00:00+00:00,291.15,0.0036129071557704042,0.1350880118839218,0.2067916284606046,279.086,250.904,248.47383333333335,0.029202637386885145,0.020546318048622975,-0.057553491082122266,,,,,,,,,,,,,,,0.8109645621832571,0.03092885750153228,3.6133804040260977,0.04000332277157731
2015-08-13 00:00:00+00:00,265.44,-0.09244977184099457,-0.08883686468522405,0.11164234426656663,280.1136666666667,257.146,252.61133333333333,0.01685902788988043,0.020595406123399194,-0.1407762276243809,,,,,,,,,,,,,,,0.7898810819934343,0.031244474871967985,3.759371728360691,0.040092532118607686
2015-08-28 00:00:00+00:00,233.15,-0.12970680318780445,-0.22215657502879904,0.009004606199457364,257.4433333333333,257.6045555555556,252.31533333333334,0.023916667290422914,0.023958234851770666,-0.24529828763797623,,,,,,,,,,,,,,,0.8919699137667682,0.03067454721368905,3.8956198517855403,0.040047235513102866
2015-09-12 00:00:00+00:00,234.66,0.006455634741147787,-0.12325116844665662,0.01096934471508643,236.47633333333334,258.7443333333334,248.31205555555556,0.02450868513779072,0.023987597038432517,-0.24041044896902208,,,,,,,,,,,,,,,0.9398081474317923,0.030619244387635174,3.7801505105112554,0.04012750744345918
2015-09-27 00:00:00+00:00,232.62,-0.008731437084585002,-0.002275802343437122,-0.08934436548831425,232.78333333333333,256.43755555555555,246.24972222222226,0.013485703239262365,0.023406083029153604,-0.24701388664098667,,,,,,,,,,,,,,,0.9542838643484619,0.030599039266659418,3.8309227932746404,0.04014526114863018
2015-10-12 00:00:00+00:00,246.53,0.05807746902049428,0.049346031935909314,-0.1627420011959714,236.551,251.047,246.23899999999998,0.011752379949270215,0.01842809424892771,-0.20198750526009135,,,,,,,,,,,,,,,0.950854593413403,0.030541776492813092,3.8302000935438754,0.04014420027617692
2015-10-27 00:00:00+00:00,296.1,0.18321354517615873,0.24129101419665286,0.01685863682441683,256.26533333333333,248.83066666666664,249.86733333333333,0.017694038845117072,0.019695547820699856,-0.041530443789855265,,,,,,,,,,,,,,,0.8196503871441574,0.030356776338646342,3.7856929091933043,0.04014805602804116
2015-11-11 00:00:00+00:00,308.65,0.04151071373235905,0.22472425890851785,0.15081912239777048,315.206,262.74444444444447,259.94522222222224,0.06723552410282055,0.04167032755130132,-0.3508937960042061,,,,,,,,,,,,,,,0.8389130803976019,0.025328306956301797,3.9054875209667403,0.039501604413899695
2015-11-26 00:00:00+00:00,350.03,0.12581091625600926,0.16732162998836844,0.4063368418415842,344.09799999999996,277.7155555555555,267.6600555555556,0.06824555141627334,0.04111631989836128,-0.26386961093585704,,,,,,,,,,,,,,,0.741171130518018,0.02425428024932277,4.008296794021669,0.039389795017403556
2015-12-11 00:00:00+00:00,443.36,0.23636321601875432,0.3621741322747636,0.6362444231191906,355.30833333333334,302.3551111111111,280.5497222222222,0.026816282422488465,0.042080258081512015,-0.0675920084121977,,,,,,,,,,,,,,,0.555159308664724,0.023588260456642966,3.7147008314921166,0.03951569403902097
2015-12-26 00:00:00+00:00,415.58,-0.0647069462429343,0.17165626977581983,0.5802689139608411,413.3986666666667,337.92066666666665,297.1791111111111,0.0306643633850709,0.04390095690964379,-0.1260147213459517,,,,,,,,,,,,,,,0.750462658386414,0.023235465918354428,4.0274438198332,0.03961568157239389
2016-01-10 00:00:00+00:00,446.85,0.07254783295566705,0.007840886712732618,0.5947392778960141,439.81733333333335,370.1105555555556,310.57877777777776,0.026419162487414907,0.044256772808149686,-0.06025236593059935,,,,,,,,,,,,,,,0.6874579830768343,0.025139877801595344,4.493135451126181,0.03984438808864378
2016-01-25 00:00:00+00:00,389.89,-0.13635831976970403,-0.06381048681403698,0.27516741295015135,419.28066666666666,392.2591111111111,320.5448888888889,0.03292570116768313,0.04680629290636641,-0.18004206098843323,,,,,,,,,,,,,,,0.8465574508556111,0.02585970298308306,4.4139601837498486,0.040167339682904445
2016-02-09 00:00:00+00:00,373.56,-0.04278601381617985,-0.17914433358588397,0.19087068540161226,391.28099999999995,395.46888888888884,329.1066666666666,0.03202502741910847,0.029198523336940594,-0.21438485804416407,,,,,,,,,,,,,,,1.041595585464726,0.02583206257617719,4.630629025626693,0.040415639583328875
2016-02-24 00:00:00+00:00,422.69,0.12356041561112047,0.08077440179494054,0.18862018475672354,394.3536666666667,409.01099999999997,343.3632777777778,0.02195953810572538,0.028763323509222772,-0.11106203995793906,,,,,,,,,,,,,,,1.0103979318452538,0.025956105471129687,4.835930167051336,0.04060575929506837
2016-03-10 00:00:00+00:00,415.99,-0.01597782834184122,0.10758258726927934,-0.06372085960387197,415.089,415.3957777777778,358.87544444444444,0.02177353309104197,0.02705480663917446,-0.12515247108307048,,,,,,,,,,,,,,,1.0985802361018984,0.02613508040354963,4.864665440028841,0.040981769915125296
2016-03-25 00:00:00+00:00,416.0,2.4038750466881797e-05,-0.01595378959137437,0.0010101253895293905,417.05699999999996,410.2304444444444,374.0755555555556,0.015349780157023384,0.024314860944148076,-0.12513144058885384,,,,,,,,,,,,,,,0.8173306299700062,0.028840198042401503,4.878999356708188,0.041072108942180205
2016-04-09 00:00:00+00:00,418.0,0.0047961722634930135,0.004820211013959925,-0.06674153530264473,416.1746666666667,407.51488888888883,388.8127222222222,0.011850627512443892,0.02345699053493051,-0.12092534174553105,,,,,,,,,,,,,,,1.0645127302595525,0.029248914765375965,4.928268183208505,0.04112559407685496
2016-04-24 00:00:00+00:00,462.49,0.10114350257235138,0.10593967483584428,0.17076028703941068,426.23199999999997,412.54755555555556,402.40333333333336,0.010376071710430021,0.016495005353385446,-0.027360672975814904,,,,,,,,,,,,,,,0.9961201897480317,0.029349894748591968,4.701804725939242,0.04122302866696746
2016-05-09 00:00:00+00:00,461.0,-0.0032268921004590815,0.09791661047189223,0.21031940875513147,444.09566666666666,425.11977777777787,410.2943333333333,0.01346642757684792,0.016178382996270852,-0.0177068462210479,,,,,,,,,,,,,,,1.3307392294105134,0.029587627932974796,4.854430276107724,0.041361531274833434
2016-05-24 00:00:00+00:00,445.7,-0.03375196304413839,-0.03697885514459752,0.0530070300998726,451.91833333333335,431.7357777777778,420.37338888888894,0.01264011395877409,0.0129759651848972,-0.050307898830197595,,,,,,,,,,,,,,,1.7123273496695128,0.030765836235810886,4.307684172386463,0.04167731639358453
2016-06-08 00:00:00+00:00,580.21,0.26374402702232175,0.22999206397818334,0.3327288854640354,490.6823333333333,450.3175555555555,432.8566666666666,0.02401413350036239,0.017388113988951626,-0.006472713573862476,,,,,,,,,,,,,,,1.5588709513784154,0.03186414967184523,4.118086267983304,0.04204369325611966
2016-06-23 00:00:00+00:00,605.74,0.043060744124951124,0.30680477114727284,0.3757655908385197,603.0353333333334,493.72855555555554,451.9795,0.04466884934522908,0.02756156393663714,-0.21237338603768197,,,,,,,,,,,,,,,1.5037728559975614,0.032539353358346804,3.9797501550837873,0.04200981432256679
2016-07-08 00:00:00+00:00,653.97,0.07661062774565061,0.11967137187060173,0.4475800463206772,665.4926666666667,533.4235555555556,470.4692222222222,0.049100632512889875,0.0321918888228317,-0.1496612792073544,,,,,,,,,,,,,,,1.3590169659879636,0.0322933298441236,3.969960933674091,0.04201618436545153
2016-07-23 00:00:00+00:00,654.8,0.0012683666515462934,0.07787899439719675,0.34770491039987206,658.7946666666667,571.2494444444445,491.89849999999996,0.03155973481294066,0.03239916775005863,-0.14858205364921284,,,,,,,,,,,,,,,1.4393261785253775,0.03564078005222432,3.9014310668339496,0.04205958444111335
2016-08-07 00:00:00+00:00,587.94,-0.10770494362119763,-0.1064365769696513,0.24322685887913364,639.5813333333333,598.5854444444444,511.8526111111111,0.020401817096887823,0.03363228893262403,-0.23551822330867145,,,,,,,,,,,,,,,1.7418801657113145,0.036788375107641755,4.290316838851973,0.0422144752959697
2016-08-22 00:00:00+00:00,582.99,-0.008454868331060414,-0.11615981195225804,0.2685239535922116,598.8753333333333,620.2351111111111,525.9854444444445,0.020527693014941707,0.033846477167781205,-0.24195456850481756,,,,,,,,,,,,,,,1.9480348564223666,0.037512404883999845,4.430980759462504,0.04228683624538126
2016-09-06 00:00:00+00:00,608.91,0.04350043999292302,0.03504557166186267,0.048280366562813044,580.2836666666666,628.4525555555556,539.3850555555556,0.012687476946630624,0.03135951563277181,-0.20825152456863494,,,,,,,,,,,,,,,2.023991569693536,0.03802322562234704,4.422447109959825,0.042309024405357235
2016-09-21 00:00:00+00:00,594.48,-0.02398339968843096,0.019517040304491976,-0.0187637772505691,595.26,617.6433333333333,555.6859444444443,0.012114486362283123,0.02273972846882039,-0.22701444601921805,,,,,,,,,,,,,,,1.8097993517282789,0.03983472631552422,4.301509292528193,0.04239991501589997
2016-10-06 00:00:00+00:00,610.39,0.02641102328696649,0.0024276235985354936,-0.06896338170925319,607.2463333333334,609.037111111111,571.2303333333334,0.009910633019712612,0.01497312050658385,-0.2063271223685751,,,,,,,,,,,,,,,1.9610728994577564,0.040545073776808785,4.4297976100843,0.04257090711936725
2016-10-21 00:00:00+00:00,630.16,0.0318756582588885,0.058286681545855035,-0.03835609010191099,617.175,603.7701111111111,587.5097777777778,0.00837951696408008,0.014638681991858332,-0.18062074973669506,,,,,,,,,,,,,,,2.258039194054891,0.04131603592448041,4.6575976994804815,0.042664818389781076
2016-11-05 00:00:00+00:00,702.36,0.10847233769606097,0.1403479959549495,0.1778211912153477,658.3369999999999,615.289,606.9372222222223,0.016167220711972068,0.01317256451225286,-0.08674112889593932,,,,,,,,,,,,,,,2.371938588174086,0.04164606864684725,4.468721587762376,0.04270514879521959
2016-11-20 00:00:00+00:00,716.05,0.01930390383358166,0.1277762415296427,0.2055799633799897,702.982,638.4723333333334,629.3537222222222,0.01919425649840484,0.013892475344478789,-0.06894040854538608,,,,,,,,,,,,,,,2.437015634366983,0.04280368568019428,4.39362088142809,0.04277083872705748
2016-12-05 00:00:00+00:00,749.8,0.04605650737710006,0.06536041121068166,0.20813603076416687,730.6266666666668,665.4033333333334,646.9279444444444,0.015397121457960595,0.01407096810659692,-0.025056236753481564,,,,,,,,,,,,,,,2.7466825501643024,0.0436092464758047,4.178675822349178,0.04288655379820724
2016-12-20 00:00:00+00:00,791.84,0.054552846901764394,0.10060935427886447,0.2866722773543621,759.5223333333334,693.2264444444444,655.4348888888888,0.009858983370885584,0.01324826931537831,0.0,,,,,,,,,,,,,,,3.058987950262145,0.04610133579470583,4.086780836941175,0.0430434921799091
2017-01-04 00:00:00+00:00,1134.81,0.3598611638177784,0.41441401071954276,0.620122417885174,861.1696666666666,750.0444444444445,679.5407777777779,0.023510930246551112,0.019178649037053533,0.0,,,,,,,,,,,,,,,2.5668367427140844,0.04982488238387383,3.7122082787461363,0.043072013021472406
2017-01-19 00:00:00+00:00,904.26,-0.22710358536171438,0.13275757845606398,0.3611431742645711,906.8393333333333,789.7812222222224,696.7756666666667,0.05561572874180536,0.03405598180885748,-0.20316176276204823,,,,,,,,,,,,,,,2.5227835646852346,0.05114437223061937,3.8294387521368005,0.042623676121617805
2017-02-03 00:00:00+00:00,1012.99,0.11354470287200633,-0.11355888248970819,0.3662155394405164,899.6693333333334,830.4885555555554,722.8887777777777,0.05034589672252922,0.033723682703311685,-0.10734836668693437,,,,,,,,,,,,,,,2.226389570874263,0.05326147385658958,3.612378666969268,0.04278884328319362
2017-02-18 00:00:00+00:00,1060.44,0.04577756278626722,0.15932226565827354,0.39268919839320193,976.4626666666667,880.9414444444444,759.7068888888888,0.022621266316723135,0.03474085635043255,-0.06553519972506405,,,,,,,,,,,,,,,2.319935862934267,0.055566604952136944,3.6629291493439085,0.042859479962607853
2017-03-05 00:00:00+00:00,1268.84,0.17941918091693884,0.22519674370320597,0.5260518719330407,1100.6706666666666,953.8365555555556,809.6199444444444,0.024281458095674557,0.035379954221454304,-0.0012751286935441808,,,,,,,,,,,,,,,2.218698101999662,0.056284172510964306,3.465634673329549,0.04294272775337781
2017-03-20 00:00:00+00:00,1034.94,-0.20375964323025975,-0.024340462313320817,0.2677393818010165,1179.512,1020.938,857.0822222222223,0.04100103403895825,0.04159035352039072,-0.1894965189402542,,,,,,,,,,,,,,,2.1563867470973195,0.05689100871706295,3.704918705018259,0.042790901383532594
2017-04-04 00:00:00+00:00,1140.0,0.09668480838394865,-0.10707483484631113,0.004563026367186708,1112.2546666666667,1037.5315555555555,893.788,0.04817291383430053,0.0424535646949897,-0.1072197727326124,,,,,,,,,,,,,,,1.7940536192780059,0.057055771139602515,3.7068257843929984,0.04267527028652551
2017-04-19 00:00:00+00:00,1205.5,0.055866156232684504,0.15255096461663317,0.2875327679615857,1117.0753333333334,1091.0166666666667,940.3989444444444,0.0328257873385909,0.03276796318370087,-0.05592406669224936,,,,,,,,,,,,,,,1.9227125373724736,0.057673538414920796,3.5184674510810092,0.04272762031603691
2017-05-04 00:00:00+00:00,1539.64,0.24465420422509807,0.30052036045778263,0.41864226931467746,1259.6116666666667,1157.5123333333333,994.0004444444444,0.018743203274421822,0.03313573655477345,0.0,,,,,,,,,,,,,,,1.8348723607999187,0.057920187710388246,3.198298987164133,0.042745205023303624
2017-05-19 00:00:00+00:00,1925.0,0.2233773448755609,0.46803154910065886,0.5962420514039711,1522.7316666666666,1273.1063333333334,1077.023888888889,0.030539450256048286,0.035346469290572266,0.0,,,,,,,,,,,,,,,1.4629090219269583,0.057569333129489246,2.7199202516986642,0.04282030942977321
2017-06-03 00:00:00+00:00,2571.87,0.2897072930347344,0.5130846379102952,0.7065301635217667,1991.7873333333334,1454.5512222222221,1204.1938888888888,0.04324415352404844,0.0394255248770686,0.0,,,,,,,,,,,,,,,1.0977876458045221,0.057106732808979946,2.4659872500881983,0.04266920299608575
2017-06-18 00:00:00+00:00,2494.28,-0.030633150371707704,0.25907414266302664,0.8796566563803186,2466.7746666666667,1702.1938888888888,1361.5659444444443,0.05773082735957253,0.0419557307243073,-0.15174393296332567,,,,,,,,,,,,,,,0.9870710582654194,0.05609482026054497,2.1064247757415884,0.04252771350038727
2017-07-03 00:00:00+00:00,2553.98,0.023652816323349042,-0.0069803340483586065,0.8066246643197192,2611.3426666666664,1954.2472222222223,1495.889388888889,0.05479373486169407,0.04187269131563829,-0.1314411252584612,,,,,,,,,,,,,,,0.9499953427519426,0.05581499655887642,2.0196617510894432,0.04260105114353642
2017-07-18 00:00:00+00:00,2359.95,-0.07901249435371833,-0.0553596780303693,0.6717460137333162,2461.6866666666665,2150.3976666666667,1620.7071666666666,0.051940395192332914,0.04817611285745864,-0.19742695070192628,,,,,,,,,,,,,,,1.1428395678377192,0.05510794893350385,2.187351876941248,0.04241167849003695
2017-08-02 00:00:00+00:00,2707.87,0.13752191561688362,0.05850942126316527,0.5646137251251019,2513.126333333333,2372.0854444444444,1764.7988888888888,0.061937626123846456,0.053830836423861765,-0.07910613233213626,,,,,,,,,,,,,,,1.0237932202429418,0.05364896437106454,2.138072814795426,0.04211047276431834
2017-08-17 00:00:00+00:00,4306.4,0.46393994027532187,0.6014618558922056,0.8051763205248629,3127.0163333333335,2685.159222222222,1979.1327777777776,0.05526878946087466,0.05514720405500917,0.0,,,,,,,,,,,,,,,0.4119721592602785,0.053023035405697465,1.7154901820872315,0.04188608859865467
2017-09-01 00:00:00+00:00,4870.0,0.12299164882988807,0.5869315891052099,0.6384606763200166,3955.410666666667,3026.626555555555,2240.588888888889,0.03776273120831215,0.05265364931723903,0.0,,,,,,,,,,,,,,,0.39833916274396414,0.05296321172358363,1.4235288192906654,0.04192225996198216
2017-09-16 00:00:00+00:00,3692.97,-0.27666292473391596,-0.15367127590402796,0.39243090195780833,4250.278333333334,3279.6604444444447,2490.927166666667,0.04656862261428273,0.05203154409945945,-0.24168993839835728,,,,,,,,,,,,,,,0.5661385623236884,0.051851811259362876,1.67818975643869,0.0417194376680352
2017-10-01 00:00:00+00:00,4289.17,0.14966222866751736,-0.12700069606639866,0.5184403143019766,4064.813666666667,3511.116888888889,2732.6820555555555,0.05264728854834145,0.05215955859236022,-0.11926694045174535,,,,,,,,,,,,,,,0.4236710004979279,0.051338634618991234,1.514064781406461,0.04156825139100118
2017-10-16 00:00:00+00:00,5720.28,0.2879245142144943,0.4375867428820116,0.8853773228701891,4395.768666666667,3924.354444444444,3037.376055555556,0.03844663084031514,0.04797701678338895,0.0,,,,,,,,,,,,,,,0.11802464188058931,0.05091725578332006,1.2059323256562693,0.04145484947958813
2017-10-31 00:00:00+00:00,6343.37,0.10339241772746913,0.3913169319419634,0.8512478249807746,5350.6376666666665,4456.954,3414.5197222222223,0.03563228684689923,0.04339895011818892,0.0,,,,,,,,,,,,,,,-0.006067203553180182,0.05040741145039816,1.1805472478786647,0.041350945169725976
2017-11-15 00:00:00+00:00,7142.5,0.11865268215272792,0.2220450998801971,0.5059605668581807,6377.977,5008.008,3846.5836111111107,0.04332575890760131,0.043208679461259836,-0.05120882040382568,,,,,,,,,,,,,,,-0.25936031043509566,0.05000516533968202,0.842737249079562,0.041359082094311134
2017-11-30 00:00:00+00:00,9639.17,0.29977215020781894,0.4184248323605469,0.6827410682361116,7773.039666666667,5729.497,4378.061777777778,0.0445653906391674,0.04510851952950529,-0.06512761524943067,,,,,,,,,,,,,,,-0.8870185340666783,0.05073382521070619,0.5321777692493297,0.04117915644861295
2017-12-15 00:00:00+00:00,17749.0,0.6104941709755995,0.9102663211834184,1.569898163945627,11401.834333333334,7391.860000000001,5335.760222222222,0.059191342469077694,0.04824667291375908,0.0,,,,,,,,,,,,,,,-1.7280255423527886,0.04890585681828144,0.026794265515118303,0.04053480739949923
2017-12-30 00:00:00+00:00,12847.32,-0.32319394702799087,0.2873002239476086,1.0970419882501188,14856.924666666666,9326.867333333334,6418.992111111112,0.08654569384344504,0.059203539778045065,-0.3139852847181174,,,,,,,,,,,,,,,-1.2149681270979913,0.04671792393544578,0.25783250583067774,0.039819274944859144
2018-01-14 00:00:00+00:00,13563.11,0.05421837796955194,-0.2689755690584389,0.8633358520051765,15100.502999999999,10960.104777777777,7442.22961111111,0.07452227137770732,0.0618522847872754,-0.2757638912250293,,,,,,,,,,,,,,,-1.305435915192481,0.04555833858031612,0.3527514886630693,0.03946404706947979
2018-01-29 00:00:00+00:00,11231.48,-0.18863305733231825,-0.13441467936276624,0.5713103769453892,13060.829666666667,11896.931333333334,8176.942666666668,0.08229212568356488,0.07319064787389003,-0.4002670942738128,,,,,,,,,,,,,,,-1.194742197706641,0.04099434059157647,0.7169475639360554,0.03849308633176452
2018-02-13 00:00:00+00:00,8570.1,-0.27044114876240644,-0.45907420609472466,0.18221654603025483,10010.577,12170.971444444443,8589.489722222223,0.09419290804511209,0.07908481341125168,-0.5423781215508555,,,,,,,,,,,,,,,-0.8732797951791733,0.037292170449684935,0.9417170507910279,0.03771820862781996
2018-02-28 00:00:00+00:00,10483.3,0.20150411367000023,-0.06893703509240616,0.08394850949243629,9429.346333333333,12449.033555555556,9089.265277777778,0.07512846729907977,0.0807771537952154,-0.4402180326547046,,,,,,,,,,,,,,,-1.0107982901357917,0.035959920108160806,0.7982405690732034,0.03744683192238023
2018-03-15 00:00:00+00:00,8215.01,-0.24382054604910217,-0.04231643237910204,-0.7703662075322655,10098.479333333333,11736.519777777778,9564.189888888888,0.05702665984777899,0.07611062918781632,-0.5613390383217808,,,,,,,,,,,,,,,-0.7435694712603882,0.03438888515639759,1.1180197934624014,0.03735598736342057
2018-03-30 00:00:00+00:00,6823.68,-0.18556405300179415,-0.42938459905089643,-0.6327363135060687,9032.774333333335,10507.650111111112,9917.258722222223,0.0549338350410893,0.07111030864005508,-0.6356325761034459,,,,,,,,,,,,,,,-0.5147897914404506,0.03265429456254264,1.4265886418598468,0.03716208381894464
2018-04-14 00:00:00+00:00,8021.6,0.16173898745542867,-0.02382506554636542,-0.525215704020192,7654.685333333333,9254.580555555556,10107.342666666666,0.05395527936849411,0.07031778022486368,-0.5716666479775432,,,,,,,,,,,,,,,-0.4554103222565176,0.032589457528157784,1.3311197929269432,0.03690370670895043
2018-04-29 00:00:00+00:00,9314.99,0.14948702728809155,0.31122601474352024,-0.18709561939978228,7918.440666666666,8793.520444444444,10345.225888888888,0.039981790645781265,0.058703217581959365,-0.502602860931028,,,,,,,,,,,,,,,-0.5917742116733746,0.032395504380786325,1.1472245874825777,0.03686232694183251
2018-05-14 00:00:00+00:00,8756.99,-0.061772691919822674,0.08771433536826874,0.02157283744280137,8939.730333333333,8897.631666666666,10534.301555555556,0.030111857368781192,0.04803533874440628,-0.532398663567476,,,,,,,,,,,,,,,-0.11939933673104844,0.0331936490578138,1.1205253079610642,0.03685710805384515
2018-05-29 00:00:00+00:00,7470.0,-0.15895723945112145,-0.22072993137094418,-0.3388885156783203,8542.282,8497.832333333334,10473.432944444445,0.02709956064149785,0.04304315133973012,-0.6011207066411,,,,,,,,,,,,,,,0.15244756655478942,0.034019010048554815,1.30441764336026,0.036799301676702006
2018-06-13 00:00:00+00:00,6292.5,-0.17153655111739202,-0.3304937905685135,-0.2666045207466102,7613.156666666666,8069.190777777777,9902.855277777777,0.03026199774031818,0.0397185819492958,-0.6639962579034968,,,,,,,,,,,,,,,0.2701854374689455,0.03414612898236448,1.4118296663081134,0.03673838305188715
2018-06-28 00:00:00+00:00,6088.98,-0.0328778680178859,-0.20441441913527797,-0.11391833576270192,6865.1686666666665,7775.297111111111,9141.47361111111,0.031264738191128266,0.03387077583742337,-0.6369736055275109,,,,,,,,,,,,,,,0.7047433780959259,0.03807790277613225,1.6170978014342745,0.03671887997003164
2018-07-13 00:00:00+00:00,6174.99,0.014026683070083307,-0.01885118494780266,-0.2616306401480473,6429.638333333334,7660.841777777778,8457.711166666666,0.029688239190761523,0.03027251346042498,-0.5571001091651377,,,,,,,,,,,,,,,0.5953163325837573,0.039351874047352506,1.5899141131101557,0.036628670360939045
2018-07-28 00:00:00+00:00,8192.48,0.28270939725107397,0.29673608032115734,-0.12840827018506484,6972.130999999999,7459.860555555556,8126.690499999999,0.031191498125766406,0.030653440884874757,-0.29810288119082484,,,,,,,,,,,,,,,0.15223699205114816,0.040071351948086566,1.269512657352025,0.03655249405124722
2018-08-12 00:00:00+00:00,6321.56,-0.2592506471876569,0.02345875006341694,-0.3258862254528992,7300.129,7114.308,8005.969833333334,0.0341053340565759,0.0315055376933854,-0.45839541257600513,,,,,,,,,,,,,,,0.592362949900693,0.039889873158108394,1.5358034211055867,0.03643247009828173
2018-08-27 00:00:00+00:00,6737.72,0.06375557562029222,-0.1954950715673648,-0.10317341038148549,6776.643333333334,6871.314333333333,7684.573333333333,0.026574332986667375,0.030450670463735886,-0.4225189266188012,,,,,,,,,,,,,,,0.4099786920396521,0.04032016740799018,1.3514512928694973,0.03645902819598448
2018-09-11 00:00:00+00:00,6255.88,-0.07419976728987722,-0.010444191669585013,-0.005836626553970618,6630.753333333332,6786.840222222222,7428.0155,0.02727019718864276,0.030147966225791942,-0.3641151160745959,,,,,,,,,,,,,,,0.4758402557997061,0.04008494563816906,1.41658131581141,0.03638968173542432
2018-09-26 00:00:00+00:00,6487.56,0.036364675530789606,-0.037835091759087745,0.06340591699470473,6647.017000000001,6798.597111111111,7286.947111111111,0.028718406031995096,0.0293800671588701,-0.3405657817031186,,,,,,,,,,,,,,,0.22493614671398549,0.040756497276393425,1.4008604552739374,0.03636742364449182
2018-10-11 00:00:00+00:00,6197.67,-0.04571308203766114,-0.009348406506871531,0.0036661518869605093,6515.776666666668,6815.553,7238.197388888889,0.020314436126377757,0.02749681150056437,-0.3700319269938107,,,,,,,,,,,,,,,0.29768924195823904,0.04097971491680473,1.4865155731741608,0.03637586193853794
2018-10-26 00:00:00+00:00,6403.78,0.032715026048836145,-0.012998055988824888,-0.24632821931527737,6456.325666666667,6626.661999999999,7043.261277777778,0.013820344563061202,0.023841581816455546,-0.3490816796383843,,,,,,,,,,,,,,,0.3427875735362832,0.04191678150516182,1.6915213203272141,0.03644451273359533
2018-11-10 00:00:00+00:00,6352.18,-0.008090379940507384,0.02462464610832895,0.004832047931872191,6367.739666666666,6504.756555555555,6809.5322777777765,0.0092524571645044,0.02012405129520563,-0.25754125952592455,,,,,,,,,,,,,,,0.35365062459206004,0.0422499117538305,1.7451936240067976,0.03644767020419421
2018-11-25 00:00:00+00:00,3694.66,-0.5419095271465689,-0.5499999070870764,-0.6008330548349888,5749.966333333333,6284.436333333333,6577.875333333333,0.04046617258316272,0.030551135953815166,-0.5530514455489142,,,,,,,,,,,,,,,0.6764715305738997,0.04135790155598055,2.3240969417667823,0.03620841098342594
2018-12-10 00:00:00+00:00,3402.4,-0.08240746897096488,-0.6243169961175337,-0.6090407565160766,4465.573333333333,5783.029888888889,6284.935055555556,0.05695385749663917,0.03632141520770448,-0.5884065755267401,,,,,,,,,,,,,,,0.7529277511573976,0.03935503823718088,2.559640384818307,0.03575623191145323
2018-12-25 00:00:00+00:00,3735.33,0.09335510313821548,0.01094763416725054,-0.5520503289086505,3702.049333333334,5302.780444444445,6050.688777777777,0.054704268970569264,0.040574217174603244,-0.5481315347291025,,,,,,,,,,,,,,,0.650960084746512,0.038541403975469964,2.4594432817639476,0.03558510211688314
2019-01-09 00:00:00+00:00,4009.71,0.07088275140582088,0.16423785454403642,-0.4354544954651684,3729.065666666667,4854.126222222222,5834.8396111111115,0.03850529114909777,0.04123828459568048,-0.5149393751338247,,,,,,,,,,,,,,,0.6662262715774969,0.038421716341970044,2.461577607289058,0.03555269072119659
2019-01-24 00:00:00+00:00,3560.82,-0.11872806408224446,-0.04784531267642353,-0.5868975855962492,3726.124333333333,4392.713333333333,5509.687666666667,0.030370011825857954,0.04336365561307725,-0.5663882123721383,,,,,,,,,,,,,,,0.8667887367428558,0.038146183880416386,2.395594382891775,0.035496732519428593
2019-02-08 00:00:00+00:00,3620.05,0.016496982477910274,-0.10223108160433435,-0.5623102231778315,3528.0183333333334,3907.552444444444,5206.154500000001,0.029921960951990175,0.044185082558300254,-0.5073743141438773,,,,,,,,,,,,,,,1.000828275272824,0.038342445758341115,2.4891425426256024,0.03551948329342857
2019-02-23 00:00:00+00:00,4092.39,0.12264131356876862,0.13913829604667882,0.10224061753750588,3591.049666666667,3673.0744444444445,4978.75538888889,0.02359570109258904,0.03826098603768556,-0.4430970758578645,,,,,,,,,,,,,,,0.883784321831557,0.03834862186342019,2.536328630048626,0.03548189784121835
2019-03-10 00:00:00+00:00,3882.61,-0.05262154356626161,0.0700197700025069,0.1320265429422091,3778.4599999999996,3678.514666666667,4730.772277777778,0.024824853054760555,0.031453664476282756,-0.42506171249013414,,,,,,,,,,,,,,,0.7034707488670756,0.03865279274662721,2.8734016949598633,0.03554146107136533
2019-03-25 00:00:00+00:00,3897.69,0.0038764620602991357,-0.048745081505962545,0.042547901864292706,3881.174,3732.7826666666665,4517.781555555556,0.01865579325415226,0.02457905761673301,-0.41563868065967013,,,,,,,,,,,,,,,0.5454552904447068,0.04285227813742511,2.8123556896896793,0.035616575963244725
2019-04-09 00:00:00+00:00,5215.8,0.29130841037114164,0.2951848724314407,0.2629735608296133,4259.392000000001,3855.290111111111,4354.708166666666,0.033001746594494535,0.029617133174313835,-0.19910079647689116,,,,,,,,,,,,,,,0.3388399757578881,0.0428427649695137,2.5835582968728734,0.03546858218509878
2019-04-24 00:00:00+00:00,5431.44,0.04051181182752686,0.3318202221986685,0.4222134367393848,4915.896,4129.373222222222,4261.043277777778,0.03682721054751144,0.027638130378197425,-0.16598873231650868,,,,,,,,,,,,,,,0.3265778614755992,0.04307404365048032,2.5058243813405188,0.035481389947639955
2019-05-09 00:00:00+00:00,6064.71,0.11028243376047749,0.15079424558800444,0.515998888021952,5375.023,4470.958333333333,4189.255388888889,0.026550147031316793,0.028197964040885544,-0.04023605150214593,,,,,,,,,,,,,,,0.4972091974410775,0.043474214048775876,2.3417109274290215,0.03549583316086912
2019-05-24 00:00:00+00:00,8061.99,0.28467369838826306,0.3949561321487405,0.6780312728414465,6551.351333333333,5116.140444444444,4394.607444444445,0.04405347778378303,0.035083480388350394,-0.016650606818320424,,,,,,,,,,,,,,,0.13037754310986083,0.04288274102230263,2.15558977511386,0.03521290473688914
2019-06-08 00:00:00+00:00,7834.93,-0.028568482808434978,0.25610521557982796,0.7020843335992731,7948.373333333333,5860.929444444445,4769.722055555555,0.050007333896131594,0.03746456892806616,-0.11052922564832046,,,,,,,,,,,,,,,0.22139165100521513,0.042201101077785935,2.196439038863992,0.03504664573363865
2019-06-23 00:00:00+00:00,10972.59,0.33680840337183593,0.308239920563401,1.03501627491081,8643.507333333333,6703.584888888889,5218.183777777778,0.03674207783123907,0.038931669751359664,0.0,,,,,,,,,,,,,,,-0.13695315461563443,0.041811658193858285,1.766649593705509,0.03494513320087384
2019-07-08 00:00:00+00:00,12215.21,0.10728155166839588,0.44408995504023174,0.8509894162080641,10256.637333333334,7860.011222222222,5857.650666666667,0.07410184759165181,0.05338820911228101,-0.11726800771211943,,,,,,,,,,,,,,,-0.2792179359994128,0.03688622638328722,1.555482658228343,0.033892770481809165
2019-07-23 00:00:00+00:00,10133.07,-0.1868775639747036,-0.07959601230630774,0.6236000404058336,11173.199666666666,8789.352777777778,6459.362999999999,0.07940504552697314,0.05634332270440033,-0.26773382781855126,,,,,,,,,,,,,,,-0.07732798640736234,0.03551563564134333,1.895730497069207,0.033660883210963395
2019-08-07 00:00:00+00:00,11771.56,0.14988212028203055,-0.03699544369267303,0.6631997269273867,10585.144666666667,9596.718444444445,7033.838388888888,0.04135596551020467,0.056616255306727516,-0.14932836921049053,,,,,,,,,,,,,,,0.009092417012015028,0.03557317840521109,1.5136773935508316,0.0336091027990857
2019-08-22 00:00:00+00:00,10161.82,-0.1470488928802779,0.002833227401752523,0.23147713565884578,10549.534333333335,10122.080444444444,7619.110444444444,0.033504933835863546,0.05377200132995842,-0.265656209441276,,,,,,,,,,,,,,,0.13828276725261504,0.035213250538180474,1.766884868082941,0.033694769721993326
2019-09-06 00:00:00+00:00,10373.87,0.020652584556320238,-0.12639630832395765,0.2806982030236011,10425.527333333333,10422.436444444444,8141.682944444444,0.03109629431095278,0.05226977941058702,-0.25033241894036395,,,,,,,,,,,,,,,-0.04182513682290251,0.03519713160611593,1.7216182749458926,0.03367699280583812
2019-09-21 00:00:00+00:00,10012.12,-0.0354937854074098,-0.014841200851089564,-0.09160398575564473,10157.401333333333,10626.711777777778,8665.148333333333,0.021881128178049634,0.050770999432099874,-0.2764742780005144,,,,,,,,,,,,,,,0.08213214208849795,0.03540795569892668,1.8383855325213005,0.033733725759815876
2019-10-06 00:00:00+00:00,7899.98,-0.23693613129075866,-0.27242991669816846,-0.43582166871479927,9306.676666666666,10105.782888888889,8982.897055555555,0.03188965612580598,0.034847140178418425,-0.42910804771801625,,,,,,,,,,,,,,,0.30627652112078885,0.0344196079277492,2.061579756168448,0.03353702152456751
2019-10-21 00:00:00+00:00,8205.0,0.03788349671785277,-0.19905263457290603,-0.21106060802224305,8318.723,9675.219555555555,9232.286166666667,0.0351702149422829,0.030564781518372774,-0.4070657813723988,,,,,,,,,,,,,,,0.37389331223235067,0.034204712965665816,2.1200295051606566,0.0335115917570329
2019-11-05 00:00:00+00:00,9336.87,0.1292273537611687,0.16711085047902152,-0.23171537454310467,8584.204,9438.802666666666,9517.760555555555,0.03951153613950748,0.03453518049571274,-0.3252712104963448,,,,,,,,,,,,,,,0.4126525545094199,0.03312389560168839,1.9963310975540816,0.03324741935205538
2019-11-20 00:00:00+00:00,8095.36,-0.14268002026623786,-0.013452666505069068,-0.2273465019290645,8791.909333333335,9089.344555555555,9605.7125,0.03920185042644076,0.03268554394084719,-0.41498891455098874,,,,,,,,,,,,,,,0.7963057421117253,0.03345336146253197,2.4141913805638144,0.03338439701068459
2019-12-05 00:00:00+00:00,7356.33,-0.09572989096346675,-0.2384099112297046,-0.34372897744885156,8019.160999999999,8636.680555555555,9529.558500000001,0.026275537032077256,0.033313900694824615,-0.46839490791995353,,,,,,,,,,,,,,,0.9526029703305542,0.03412162338546627,2.56801589381621,0.03332722995439939
2019-12-20 00:00:00+00:00,7193.99,-0.02231521184831402,-0.11804510281178078,-0.33055040388975576,7285.418000000001,8132.016777777777,9379.364277777779,0.026713722811336625,0.033805528289902895,-0.48012640591532274,,,,,,,,,,,,,,,1.198663621127686,0.03470173246117839,2.6334530615053775,0.03333236328503317
2020-01-04 00:00:00+00:00,7291.27,0.013431786870630453,-0.008883424977683576,-0.08018248572836667,7220.435,7941.266666666666,9023.524777777777,0.022555116518543052,0.03050241567101973,-0.4171646682653877,,,,,,,,,,,,,,,1.5025238013597693,0.03556626255450195,2.587074013613829,0.03333464320753095
2020-01-19 00:00:00+00:00,8640.6,0.16979428275342015,0.18322606962405047,0.051728300307200784,7754.201,7943.842777777778,8809.531166666668,0.027969525002696425,0.031712936167065824,-0.2683063144844966,,,,,,,,,,,,,,,1.4214051956690685,0.037963003622485204,2.4890624509282606,0.03329442087496154
2020-02-03 00:00:00+00:00,9303.3,0.07389715107926635,0.24369143383268646,-0.0036019023747016696,8582.457,7940.684333333333,8689.7435,0.02627903729627331,0.02567704989168904,-0.2121882896492857,,,,,,,,,,,,,,,1.33391908830173,0.039412235748802545,2.381160744012152,0.033286797559127564
2020-02-18 00:00:00+00:00,9995.4,0.07175581123306776,0.14565296231233424,0.210833929124604,9410.856333333333,8150.158444444444,8619.7515,0.023950263111566394,0.026353953760774512,-0.0671581894540364,,,,,,,,,,,,,,,1.6380461171960579,0.04040832073520302,2.2635972598593908,0.03325480584701178
2020-03-04 00:00:00+00:00,8725.99,-0.13581905846128628,-0.06406324722821855,0.17074476162678426,9544.455666666667,8449.11588888889,8542.898222222222,0.03024650311984355,0.026628110757368772,-0.1683973475599877,,,,,,,,,,,,,,,1.6958133427696547,0.04180375678042127,2.2899001041478306,0.033244005449927415
2020-03-19 00:00:00+00:00,6242.54,-0.3349187778598136,-0.4707378363210999,-0.1418588043847153,8027.323666666666,8397.460333333334,8264.738555555556,0.06819443472284381,0.04536672181818605,-0.3978154611638076,,,,,,,,,,,,,,,2.244197200580521,0.03882644693757717,2.58401381321849,0.03256948505151695
2020-04-03 00:00:00+00:00,6782.58,0.08297040970171769,-0.25194836815809596,-0.07232018155362792,6643.386333333334,8256.766333333333,8099.0165,0.07386216168960685,0.048453013553861925,-0.3457206826997373,,,,,,,,,,,,,,,2.156999638491633,0.03718468068568277,2.498464974928828,0.03214212184298027
2020-04-18 00:00:00+00:00,7218.29,0.062260522205744254,0.14523093190746195,-0.17985394210130387,6717.848666666668,8052.009555555555,7997.926166666668,0.04156666409278585,0.048580051570367405,-0.3036900628853161,,,,,,,,,,,,,,,2.045742173820526,0.036873080084062176,2.465491850782938,0.03216000389343722
2020-05-03 00:00:00+00:00,8880.18,0.20720374432095878,0.26946426652670297,-0.04654734885961149,7435.925,7874.589,7907.636666666667,0.035844691967566726,0.05046447980598334,-0.14337639837592087,,,,,,,,,,,,,,,1.8695236416184977,0.03719161020061235,2.390115656488083,0.03201238459025443
2020-05-18 00:00:00+00:00,9702.31,0.08854217441846438,0.29574591873942313,-0.029760985674214948,8576.779,7773.983777777777,7962.071111111111,0.04296305557447333,0.0529462208124046,-0.06406990215588881,,,,,,,,,,,,,,,1.4957325118539,0.037223690573886636,2.363849321465418,0.031776399201374886
2020-06-02 00:00:00+00:00,9510.98,-0.019917080817640855,0.06862509360082361,0.08614099196943051,9304.328666666668,7794.546666666666,8121.831277777778,0.036936326244347575,0.051891056002324173,-0.08252648678578767,,,,,,,,,,,,,,,1.3823859786270412,0.04016495924754642,2.4082052747773623,0.0317605525157844
2020-06-17 00:00:00+00:00,9297.6,-0.022690618331029325,-0.04260769914867004,0.3983691514982149,9435.975999999999,8243.534555555556,8320.497444444445,0.020527151686317004,0.03637663256399334,-0.10311011731068076,,,,,,,,,,,,,,,1.3999037921152608,0.04101261035847107,2.441473122908801,0.03175710390897237
2020-07-02 00:00:00+00:00,9047.32,-0.027287721079470216,-0.04997833941049954,0.288111020717027,9416.284666666666,8718.846111111112,8487.806222222222,0.018267611263056125,0.031487584497409786,-0.1272532940271972,,,,,,,,,,,,,,,1.3048464293781143,0.04203230156322406,2.4582214546336263,0.031748452552038044
2020-07-17 00:00:00+00:00,9162.59,0.012660308551951605,-0.014627412527518553,0.23851080706323458,9231.778333333334,9081.511111111111,8566.760333333334,0.014813512575144653,0.028925185295975566,-0.11613381192669836,,,,,,,,,,,,,,,1.2461197728683875,0.04228003444951155,2.5616220431047974,0.03176130612965694
2020-08-01 00:00:00+00:00,11783.79,0.251595968416421,0.2642562769683728,0.2829030311586967,9676.990666666668,9465.868,8670.228500000001,0.02036254655557499,0.026594117020349327,0.0,,,,,,,,,,,,,,,1.2531686494154992,0.043040994663571745,2.284707834738737,0.03168446885933139
2020-08-16 00:00:00+00:00,11820.49,0.0031096080518485795,0.2547055764682695,0.19747046479208105,10877.855,9848.536444444444,8811.26011111111,0.025810238713600518,0.021120061795320885,-0.004932200136710918,,,,,,,,,,,,,,,1.3610134071914073,0.04323221237312253,2.296144187199961,0.03163350955778695
2020-08-31 00:00:00+00:00,11729.64,-0.007715494622119667,-0.0046058865702710795,0.20967205098760203,11634.339666666665,10242.538333333334,9018.542500000001,0.023753964323521448,0.02119686026592445,-0.04940182604735144,,,,,,,,,,,,,,,1.3948461886613885,0.04320357323390176,2.227640493742175,0.03162776887234991
2020-09-15 00:00:00+00:00,10784.01,-0.08405449018811097,-0.09176998481023063,0.14830817913052038,11103.085666666668,10404.239666666668,9323.887111111111,0.027245600846036673,0.023563438305607223,-0.1260379505349608,,,,,,,,,,,,,,,1.4953941873434218,0.043239832701807035,2.369837146605853,0.03150866267573156
2020-09-30 00:00:00+00:00,10708.78,-0.007000515729617367,-0.09105500591772836,0.16859538448037326,10642.314000000002,10651.214777777777,9685.030444444445,0.025349714918327923,0.02353869230560168,-0.13213477026910925,,,,,,,,,,,,,,,1.4026160900667943,0.04365871082151776,2.368453529922144,0.03150019602633217
2020-10-15 00:00:00+00:00,11532.98,0.0741467913485245,0.06714627561890703,0.23008186727694607,10865.390333333335,10948.777,10015.144055555555,0.01531173901350099,0.023619309563532913,-0.06533962438468555,,,,,,,,,,,,,,,1.6730812621160658,0.044271144916681285,2.2828670889872864,0.03157484606352218
2020-10-30 00:00:00+00:00,13550.0,0.16117579023757825,0.2353225815861027,0.1396616890981034,11812.731666666667,11363.128444444445,10414.498222222222,0.02040167649262998,0.023458251032945333,-0.008982060015461313,,,,,,,,,,,,,,,1.5168619101765446,0.04444753669388161,2.0944392133564778,0.03151546162294911
2020-11-14 00:00:00+00:00,15920.0,0.1611896330905271,0.32236542332810536,0.29774171413678174,13804.932,11924.469333333333,10886.502888888888,0.02590224108438,0.02386602131309943,-0.02118832164538742,,,,,,,,,,,,,,,1.3915250041576357,0.04439739218641921,1.8337666907374672,0.031492591429147745
2020-11-29 00:00:00+00:00,18136.76,0.1303646375130929,0.29155427060361994,0.4358218462719945,16413.046666666665,12956.030777777778,11599.284555555556,0.038228115996157,0.02920901095544984,-0.05881876741353631,,,,,,,,,,,,,,,1.1749311834333656,0.0440264561535791,1.6117168677890314,0.03129160063478026
2020-12-14 00:00:00+00:00,19227.25,0.05838772572483665,0.18875236323792968,0.578264062184942,18361.985,14344.102444444445,12374.171055555556,0.037214861820929354,0.02754072258719017,-0.009241190750152395,,,,,,,,,,,,,,,0.8870519574727052,0.044767366242867646,1.5461443549111789,0.03129221490786985
2020-12-29 00:00:00+00:00,26577.94,0.3237530047463931,0.3821407304712297,0.9090175826609525,21357.77,16527.849444444444,13589.53211111111,0.034143309973546795,0.03155589293470596,-0.01598099637239836,,,,,,,,,,,,,,,0.5816581787178183,0.044274658376914446,1.3269206221699785,0.03114928238543025
2021-01-13 00:00:00+00:00,35705.0,0.2952091866005137,0.6189621913469068,1.1300799779129416,29031.909333333333,20399.60877777778,15674.19288888889,0.05729839653774602,0.04214243119001592,-0.1233508352167193,,,,,,,,,,,,,,,0.17972705361633048,0.04214413625337848,,
2021-01-28 00:00:00+00:00,32696.01,-0.08803768289133378,0.20717150370917978,0.8808665047840296,34174.407,23981.741222222226,17672.434833333333,0.06801513649953286,0.0486738325251152,-0.19722924357244664,,,,,,,,,,,,,,,0.12624692952874836,0.04152490523148412,,
2021-02-12 00:00:00+00:00,47312.34,0.3695180973120644,0.2814804144207307,1.089194969005567,36781.31133333333,28058.40188888889,19991.435611111112,0.06026093859455168,0.052370871843370456,-0.008371936657990964,,,,,,,,,,,,,,,-0.09866418468416495,0.04027348167852361,,
2021-02-27 00:00:00+00:00,47167.77,-0.0030603290540668787,0.36645776825799764,0.9557700024384073,45060.78233333333,33530.98644444444,23243.508611111112,0.05431205233093498,0.05343607784907792,-0.18945680384116326,,,,,,,,,,,,,,,-0.1921092991565961,0.039362233594628634,,
2021-03-14 00:00:00+00:00,59914.15,0.23920188390152666,0.23614155484745972,1.136584160615097,51435.724666666676,39082.98177777778,26713.54211111111,0.051569261150720934,0.05614578477865839,-0.006316608953211844,,,,,,,,,,,,,,,-0.43460767046234533,0.03882734050268599,,
2021-03-29 00:00:00+00:00,57665.67,-0.038250681825945564,0.200951202075581,0.7745804740427586,54205.132333333335,44480.10722222223,30503.978333333333,0.042242456221585845,0.05528627310941901,-0.0436079204564358,,,,,,,,,,,,,,,-0.18857175751082464,0.03873299083885748,,
2021-04-13 00:00:00+00:00,63044.49,0.08917864518924211,0.05092796336329655,0.5685499326314869,57576.814000000006,48597.95,34498.77938888889,0.026854240351947806,0.04791615698391058,0.0,,,,,,,,,,,,,,,-0.4286209346858541,0.038904122421108384,,
2021-04-28 00:00:00+00:00,55461.68,-0.1281483358013086,-0.03896969061206642,0.5284392797215122,57485.628666666664,52250.514444444445,38116.12783333333,0.03147676853450048,0.04354974029428124,-0.12605082271801937,,,,,,,,,,,,,,,-0.3268181277310967,0.03833525040097237,,
2021-05-13 00:00:00+00:00,48549.37,-0.13311111349119012,-0.26125944929249867,0.025810068918257576,56018.111666666664,55010.21677777777,41534.30933333333,0.04252907280732341,0.041691968205470296,-0.23497301255464176,,,,,,,,,,,,,,,-0.48046359356484725,0.03883865779501916,,
2021-05-28 00:00:00+00:00,35802.58,-0.30456126049100507,-0.4376723739821952,-0.2756908625186806,48253.430666666674,53314.73055555556,43422.8585,0.06265730450668819,0.04755490565456512,-0.4358332575650017,,,,,,,,,,,,,,,-0.21060275591811004,0.03572815926977052,,
2021-06-12 00:00:00+00:00,35745.71,-0.0015896959096159023,-0.306150956400621,-0.5164824423298231,38339.94633333334,50644.95733333333,44863.96955555556,0.06320710535248322,0.046416206964194504,-0.4367293986431664,,,,,,,,,,,,,,,-0.26635341557854614,0.03477039212174425,,
2021-06-27 00:00:00+00:00,32827.86,-0.0851527168331952,-0.08674241274281116,-0.5633844773370729,35748.722,47162.59377777778,45821.3505,0.04614346245906579,0.04828431126453958,-0.48270803843432,,,,,,,,,,,,,,,-0.454927457875489,0.03614298729650866,,
2021-07-12 00:00:00+00:00,32832.24,0.00013341435686187628,-0.08501930247633337,-0.652429708169453,34729.476,43029.178,45813.564,0.040932295515278466,0.04947033060772336,-0.4826390196560123,,,,,,,,,,,,,,,-0.5270403623521303,0.035981147994010254,,
2021-07-27 00:00:00+00:00,37828.87,0.14166160826252983,0.14179502261939161,-0.3826197641056146,33540.137,39180.763222222224,45715.63883333333,0.040671007385172826,0.050752643344878556,-0.40390356343322087,,,,,,,,,,,,,,,-0.5071632711596971,0.03552421066565967,,
2021-08-11 00:00:00+00:00,46475.2,0.2058462692615299,0.3475078775240597,-0.043662381352894714,37441.399333333335,36836.94055555556,45923.57866666667,0.03955970032943749,0.04940098448882388,-0.26765718593422516,,,,,,,,,,,,,,,-0.6509146757860531,0.035385741601041173,,
2021-08-26 00:00:00+00:00,46967.83,0.010544062282560428,0.21639033154409015,0.2714429414206707,44532.234333333334,37940.36444444445,45627.5475,0.0307563953061738,0.039492997016162504,-0.2598944643000368,,,,,,,,,,,,,,,-0.8218444368534145,0.035455117387505376,,
2021-09-10 00:00:00+00:00,45645.39,-0.02856028308938184,-0.018016220806821456,0.24447235424090477,47827.68133333334,39999.51888888889,45322.23811111111,0.029401197438655005,0.037123210981526523,-0.2807330928811542,,,,,,,,,,,,,,,-0.7488113345276053,0.035449662974852504,,
2021-09-25 00:00:00+00:00,42666.86,-0.06748010968910402,-0.09604039277848586,0.26214496138499604,46943.593,41671.98811111111,44417.290944444445,0.033097771767910095,0.0349872930174087,-0.32766791063297307,,,,,,,,,,,,,,,-0.8133615178077152,0.035333228190175196,,
2021-10-10 00:00:00+00:00,55503.36,0.2630210529691834,0.19554094328007943,0.5250325999973176,47095.51633333333,44121.532333333336,43575.35516666667,0.036139483527078124,0.035248123150866645,-0.1253940412842598,,,,,,,,,,,,,,,-1.0605962196053489,0.03456377587386522,,
2021-10-25 00:00:00+00:00,62677.17,0.12155370704001289,0.38457476000919627,0.5049246987748007,54779.23733333333,48751.68822222223,43966.225722222225,0.03383937865101572,0.03290684470612644,-0.05617915094753023,,,,,,,,,,,,,,,-1.1285593458903347,0.033987407166050095,,
2021-11-09 00:00:00+00:00,66554.72,0.06002719994289176,0.1815809069829047,0.35910562945616264,61504.77133333333,52142.656333333325,44489.798444444445,0.029416514260960324,0.031621081276744956,0.0,,,,,,,,,,,,,,,-1.3895257940443138,0.0341980833613953,,
2021-11-24 00:00:00+00:00,56804.69,-0.15840557370243824,-0.09837837375954639,0.19015599347116394,61624.477,54449.10244444444,46194.73344444444,0.027386415450682614,0.03213124343385957,-0.1618483318617706,,,,,,,,,,,,,,,-1.2316630266638187,0.034495338696904056,,
2021-12-09 00:00:00+00:00,47771.81,-0.17318317616777276,-0.3315887498702111,0.04553310039277288,57333.43666666667,55311.24144444445,47655.38016666666,0.039053815096298294,0.03566649895797145,-0.2951282325194884,,,,,,,,,,,,,,,-1.0244375429611696,0.0333272019055197,,
2021-12-24 00:00:00+00:00,51632.85,0.07772238125979565,-0.09546079490797704,0.19073559134167278,50963.289333333334,55789.001222222214,48730.49466666667,0.04029522911971565,0.03470550092528383,-0.23815869150538493,,,,,,,,,,,,,,,-1.1203417083589968,0.03299911906694059,,
2022-01-08 00:00:00+00:00,40664.58,-0.23880065455965588,-0.1610782732998601,-0.3110861161871666,47502.626000000004,55446.94466666666,49784.2385,0.029350739289292677,0.03332873785236944,-0.3999952193887427,,,,,,,,,,,,,,,-0.8765065420253441,0.032481816494349225,,
2022-01-23 00:00:00+00:00,34981.42,-0.15054037988124155,-0.38934103444089735,-0.5831802031084209,44009.427,52199.06444444444,50475.37633333333,0.035983235313555934,0.03488138654587641,-0.4838500918349521,,,,,,,,,,,,,,,-0.4214991268854626,0.03220883279857848,,
2022-02-07 00:00:00+00:00,44114.19,0.23196443601181824,0.08142405613057671,-0.4112429670394946,39949.368333333325,48261.81033333334,50202.23333333333,0.04099110373306634,0.03684357431240403,-0.3490963169226555,,,,,,,,,,,,,,,-0.6544662440633098,0.03166451829004718,,
2022-02-22 00:00:00+00:00,37741.64,-0.1560175051876557,0.0759469308241625,-0.40885489852471196,40190.88533333333,45054.533888888895,49751.818166666664,0.034634559412073454,0.037192943127595766,-0.44312312021643774,,,,,,,,,,,,,,,-0.463392012215094,0.031425463381368875,,
2022-03-09 00:00:00+00:00,42047.59,0.10803807783739194,-0.04797942735026364,-0.12763364451954715,40852.85633333334,42768.28355555556,49039.7625,0.03610071658468881,0.03555128409511479,-0.3795889441577389,,,,,,,,,,,,,,,-0.6938987544931309,0.030940137874454973,,
2022-03-24 00:00:00+00:00,43948.31,0.04421209855102913,0.152250176388421,-0.16114392722831378,40365.94766666667,41522.08666666666,48655.543944444435,0.033633487410518255,0.03529497766558986,-0.3515438718465671,,,,,,,,,,,,,,,-0.4560016871318215,0.03223324936091372,,
2022-04-08 00:00:00+00:00,42745.99,-0.027738780791026672,0.016473317760002475,0.049917946540315415,43147.12566666667,41316.45011111111,48381.69738888888,0.025774040558199318,0.034521815326604734,-0.36928407100329097,,,,,,,,,,,,,,,-0.4248224126771761,0.03198333201650651,,
2022-04-23 00:00:00+00:00,39774.97,-0.07203756983262227,-0.09977635062364887,0.12842075658893465,43125.80433333334,41227.54577777778,46713.30511111111,0.027034443466631745,0.03178238328757917,-0.41312139093360023,,,,,,,,,,,,,,,-0.37010691718724664,0.03180417107931003,,
2022-05-08 00:00:00+00:00,34595.74,-0.1395072668846164,-0.21154483671723867,-0.2430509463074998,39378.07366666666,41126.01855555556,44693.91444444444,0.03234401367482257,0.0315014459472181,-0.4895407898278036,,,,,,,,,,,,,,,-0.23453881723020398,0.03144370919532236,,
2022-05-23 00:00:00+00:00,29050.0,-0.17471206979841492,-0.3142193366830312,-0.26174551091825904,33899.013333333336,39130.25511111111,42092.3945,0.038283894448704024,0.033543290342190175,-0.508938585543659,,,,,,,,,,,,,,,-0.06598535042299614,0.030545347083350174,,
2022-06-07 00:00:00+00:00,31024.08,0.0657451938478391,-0.10896687595057569,-0.3040383949078118,29864.731000000003,37463.31011111111,40115.796833333334,0.03496557550081299,0.03107208900214647,-0.4001139285591363,,,,,,,,,,,,,,,-0.1586005578541803,0.03055681551306764,,
2022-06-22 00:00:00+00:00,20100.98,-0.4339951070503697,-0.36824991320253053,-0.7822456005092107,26733.429666666667,34586.082444444444,38054.08455555556,0.04995562765176194,0.0392935721146822,-0.6113245606538091,,,,,,,,,,,,,,,0.4078677406637641,0.02794484542724491,,
2022-07-07 00:00:00+00:00,21835.16,0.08275294450019673,-0.351242162550173,-0.6717538752179871,21919.29433333333,30387.366333333335,35851.90822222222,0.051821343445993415,0.04031576416411545,-0.5449937172709409,,,,,,,,,,,,,,,0.325776303100437,0.02753319067411365,,
2022-07-22 00:00:00+00:00,22591.06,0.03403273820089767,0.11678568270109439,-0.5656835671844672,20915.473,27182.638666666666,34205.09222222223,0.03239457246439552,0.041056107132574696,-0.5292420924092547,,,,,,,,,,,,,,,0.27832903404190246,0.026766786035808173,,
2022-08-06 00:00:00+00:00,23199.13,0.026560525172637486,0.0605932633735352,-0.39961577512721336,22213.104666666666,24665.710000000003,32895.86427777778,0.03396986507962647,0.04100617003337586,-0.5165709844192486,,,,,,,,,,,,,,,0.22493812814424405,0.025906778713462277,,
2022-08-21 00:00:00+00:00,21516.0,-0.07531793355812558,-0.04875740838548802,-0.3002216388869241,23114.701666666664,23587.86811111111,31359.06161111111,0.032688824948306446,0.03935506747523024,-0.5516444496308506,,,,,,,,,,,,,,,0.19313846991765168,0.025597653756954483,,
2022-09-05 00:00:00+00:00,19704.0,-0.0879751835927593,-0.16329311715088501,-0.4539420163275226,21839.971,21990.79,29727.050055555555,0.024679100298317498,0.03848819480617548,-0.5894033387026529,,,,,,,,,,,,,,,0.264579242989319,0.025799297879333237,,
2022-09-20 00:00:00+00:00,18993.0,-0.036751170588137635,-0.12472635418089696,-0.05669807986529053,20261.866666666665,21430.680444444446,28008.381444444447,0.031914858625117316,0.03214712628581338,-0.6042193266331448,,,,,,,,,,,,,,,0.34972726115536085,0.024662923628997115,,
2022-10-05 00:00:00+00:00,20114.0,0.05734559979218945,0.020594429204051874,-0.0821054245732978,19742.766666666666,21265.280777777778,25826.32355555556,0.03155469000678061,0.030159310698223647,-0.53519778011532,,,,,,,,,,,,,,,0.31215154167889253,0.02460138953614293,,
2022-10-20 00:00:00+00:00,19061.0,-0.053771727275352836,0.0035738725168366413,-0.1699098900495484,19337.333333333332,20904.63388888889,24043.63627777778,0.014071462281534766,0.02734425469381156,-0.5262628248415139,,,,,,,,,,,,,,,0.4394879005903855,0.024718771778633606,,
2022-11-04 00:00:00+00:00,21102.0,0.10172345997296446,0.04795173269761165,-0.0947469552492213,19775.8,20452.84588888889,22559.277944444442,0.015824106353613594,0.024786609622779683,-0.33243932970607026,,,,,,,,,,,,,,,0.4989268505801623,0.025115290254808485,,
2022-11-19 00:00:00+00:00,16612.0,-0.23924249695139324,-0.13751903697842877,-0.258671518642489,18970.7,19523.3,21555.584055555555,0.034233300859792065,0.027979109391293285,-0.4744802457149673,,,,,,,,,,,,,,,0.7968388351441621,0.023755691685558307,,
2022-12-04 00:00:00+00:00,17068.0,0.027080039557246485,-0.21216245739414685,-0.14361629549248328,17145.166666666668,18887.911111111112,20439.350555555553,0.03313311119188704,0.027911427275756684,-0.43325806880063755,,,,,,,,,,,,,,,0.8939190703819289,0.023681912110916012,,
2022-12-19 00:00:00+00:00,16544.0,-0.031181866999734905,-0.004101827442488498,-0.1380469919040805,16848.7,18385.577777777777,19908.12911111111,0.019398775417520366,0.023952319364795888,-0.3224670325169957,,,,,,,,,,,,,,,0.936325630141537,0.023921709429239657,,
2023-01-03 00:00:00+00:00,16638.0,0.0056657375356773,-0.025516129464057517,-0.1897268541605927,16908.6,17943.18888888889,19604.234833333332,0.016324501278021642,0.023229429020604386,-0.3186174133835695,,,,,,,,,,,,,,,0.932270084519195,0.024235829622338476,,
2023-01-18 00:00:00+00:00,20934.0,0.22968539557099613,0.23535113310667347,0.09373026868575621,17682.866666666665,17834.088888888888,19369.361388888887,0.020531176552706115,0.025856719306184668,-0.1426816283069866,,,,,,,,,,,,,,,0.6828719665185355,0.024477905972376746,,
2023-02-02 00:00:00+00:00,24061.0,0.13921764100990044,0.3689030365808965,0.13122444972269215,20784.2,18279.32222222222,19366.084055555555,0.02627144208085953,0.027117527596634935,-0.01462036202801209,,,,,,,,,,,,,,,0.5783028632430145,0.02434300708844964,,
2023-02-17 00:00:00+00:00,24365.0,0.012555403852876939,0.1517730448627774,0.38302235052696243,22867.666666666668,19133.077777777777,19328.18888888889,0.02848441125482079,0.02313894637259147,-0.02430722409098185,,,,,,,,,,,,,,,0.744114133996302,0.023970031025863325,,
2023-03-04 00:00:00+00:00,22324.0,-0.08748534336928233,-0.07492993951640542,0.2684569676004335,23231.766666666666,20308.18888888889,19598.05,0.02572917394764119,0.023911302092377025,-0.10603876341502483,,,,,,,,,,,,,,,1.034977219614509,0.024165504380099852,,
2023-03-19 00:00:00+00:00,28347.0,0.23885887154241142,0.15137352817312902,0.53849770614258,23588.4,21379.644444444446,19882.61111111111,0.03857507373771554,0.029805146875951802,0.0,,,,,,,,,,,,,,,0.859424867668583,0.022957149402115965,,
2023-04-03 00:00:00+00:00,28098.0,-0.0088228050391388,0.23003606650327255,0.5240091635677637,25702.1,23239.355555555554,20591.272222222222,0.04056922158669452,0.031866925433371274,-0.012719606465214306,,,,,,,,,,,,,,,0.8539563425969658,0.022883807906525073,,
2023-04-18 00:00:00+00:00,30236.0,0.07333486800047055,0.0645120629613318,0.36765863599723825,28554.633333333335,25003.566666666666,21418.827777777777,0.02373121166292357,0.030571875749874293,-0.00434668071654376,,,,,,,,,,,,,,,0.7019061683640071,0.02343748295660581,,
2023-05-03 00:00:00+00:00,28331.0,-0.06507665594008957,0.008258212060380936,0.1633643390472482,28796.8,25910.222222222223,22094.772222222222,0.02384882582273858,0.030918289804953484,-0.06707718651211803,,,,,,,,,,,,,,,0.7398155931272246,0.02337684724372173,,
2023-05-18 00:00:00+00:00,26755.0,-0.0572352397265727,-0.12231189566666231,0.09357369546779844,27993.333333333332,26712.12222222222,22922.6,0.02576802780664558,0.02998963312184424,-0.11897391991570072,,,,,,,,,,,,,,,0.9192092869108506,0.02364570787798269,,
2023-06-02 00:00:00+00:00,27241.0,0.018001819563751766,-0.03923342016282087,0.19906085840083265,27332.233333333334,27277.044444444444,23792.616666666665,0.01991801348454618,0.02943408126094017,-0.1029702318229716,,,,,,,,,,,,,,,0.9103925302523393,0.023854234811721924,,
2023-06-17 00:00:00+00:00,26465.0,-0.028900086017068866,-0.010898266453317033,-0.06869809915864766,26647.3,27731.755555555555,24555.7,0.0216792557515541,0.023656322812996046,-0.12852344573234986,,,,,,,,,,,,,,,0.9213788423518576,0.023443054338157167,,
2023-07-02 00:00:00+00:00,30564.0,0.14399974047536945,0.1150996544583006,0.0841244463558605,28032.133333333335,28053.722222222223,25646.53888888889,0.025421246403023748,0.02301851217718356,-0.011033813298818917,,,,,,,,,,,,,,,0.7261649495886189,0.023590922420751174,,
2023-07-17 00:00:00+00:00,29901.0,-0.021930921131891407,0.12206881934347796,-0.011141342776501388,30136.933333333334,28259.18888888889,26631.37777777778,0.022686501175583466,0.023418289539430006,-0.05487245946202235,,,,,,,,,,,,,,,0.7795982186553406,0.023776178838894216,,
2023-08-01 00:00:00+00:00,29258.0,-0.02173888409753451,-0.043669805229425936,0.03219642906605381,29991.433333333334,28451.933333333334,27181.077777777777,0.01620397982420845,0.020773119153978847,-0.07519676328349723,,,,,,,,,,,,,,,0.801965720198544,0.024201780059167236,,
2023-08-16 00:00:00+00:00,29078.0,-0.006171166046660539,-0.027910050144195026,0.08326050274596593,29382.166666666668,28722.133333333335,27717.12777777778,0.009726634378601131,0.018887176520340915,-0.08088630401112618,,,,,,,,,,,,,,,0.6739637301290149,0.025706901424666636,,
2023-08-31 00:00:00+00:00,26181.0,-0.10494791765994986,-0.11111908370661036,-0.03968923447773573,27832.166666666668,28618.577777777777,27947.81111111111,0.023285855730072774,0.021975318019923203,-0.1724563011663558,,,,,,,,,,,,,,,0.8074568760042153,0.025575434042715315,,
2023-09-15 00:00:00+00:00,26404.0,0.008481556977240389,-0.09646636068270954,-0.002307591483426459,26145.933333333334,28555.01111111111,28143.383333333335,0.025393311313245792,0.0204450035213951,-0.16540759237601543,,,,,,,,,,,,,,,0.8210290283982427,0.02571562503093035,,
2023-09-30 00:00:00+00:00,27031.0,0.02346884170794706,0.03195039868518734,-0.12283849025084889,26284.266666666666,28035.955555555556,28044.838888888888,0.014108773666195049,0.01819167216923643,-0.1455890255081076,,,,,,,,,,,,,,,0.8866065842018239,0.025828518213998227,,
2023-10-15 00:00:00+00:00,27044.0,0.0004808136939602232,0.023949655401907105,-0.10042675542499739,27016.5,27514.866666666665,27887.027777777777,0.012834306947671894,0.017243621818918094,-0.14517811423333438,,,,,,,,,,,,,,,0.8932496168133629,0.025985916033841004,,
2023-10-30 00:00:00+00:00,34439.0,0.24172447390489984,0.24220528759885998,0.16303660257743702,29497.933333333334,27871.455555555556,28161.694444444445,0.022809310378977116,0.02085012203907033,-0.009177743253351744,,,,,,,,,,,,,,,0.7475505614541985,0.025588582599452275,,
2023-11-14 00:00:00+00:00,35268.0,0.023786394091449357,0.26551086799634904,0.19299416271554679,33630.26666666667,28930.9,28826.516666666666,0.022900098015960095,0.021450229153376337,-0.05363994955322404,,,,,,,,,,,,,,,0.9426058307619037,0.026658604945772716,,
2023-11-29 00:00:00+00:00,37866.0,0.07107757460537695,0.09486396869682606,0.3690196549808735,36424.2,30735.466666666667,29677.022222222222,0.01831637353960155,0.018773015566860306,-0.004129079767509092,,,,,,,,,,,,,,,0.9267570800575065,0.026816914878928032,,
2023-12-14 00:00:00+00:00,42871.0,0.12414199484310623,0.19521956944848307,0.4846800928467394,39496.46666666667,33381.07777777778,30968.044444444444,0.02410968266376315,0.02062808424110565,-0.025592654044593988,,,,,,,,,,,,,,,0.861222592580029,0.026594184853023766,,
2023-12-29 00:00:00+00:00,42062.0,-0.019050886411777226,0.10509110843132904,0.44216036472701514,42319.433333333334,36080.52222222222,32058.23888888889,0.02376643625330479,0.021632425493384237,-0.0475306265709563,,,,,,,,,,,,,,,0.8161942598612589,0.02681852503595658,,
2024-01-13 00:00:00+00:00,42794.0,0.01725318558327262,-0.0017977008285045707,0.4589327366163277,43585.8,38904.177777777775,33209.52222222222,0.028249059392054993,0.0251930603537136,-0.08962494947561006,,,,,,,,,,,,,,,0.7921701821192759,0.026289336955975896,,
2024-01-28 00:00:00+00:00,41967.0,-0.01951431068235591,-0.002261125099083271,0.19769395202907192,42906.666666666664,40550.1,34210.77777777778,0.02906058504550636,0.023899295947237977,-0.1072180739038866,,,,,,,,,,,,,,,0.8889711820185209,0.026297948224431093,,
2024-02-12 00:00:00+00:00,49745.0,0.17002636087891987,0.1505120501965639,0.3439339188165424,43064.53333333333,42048.933333333334,35489.916666666664,0.020518925164413244,0.024384631955742513,0.0,,,,,,,,,,,,,,,0.6548724466037813,0.02633686780672549,,
2024-02-27 00:00:00+00:00,57165.0,0.1390318669526102,0.30905822783153,0.4118882111637758,48260.933333333334,44495.677777777775,37615.572222222225,0.020617086692404675,0.02482874430231641,0.0,,,,,,,,,,,,,,,0.3857198569320593,0.02637101646190879,,
2024-03-13 00:00:00+00:00,73468.0,0.2509081142723553,0.3899399812249656,0.5386543305930248,59233.63333333333,48627.98888888889,41004.53333333333,0.02592802174397771,0.025406237686805055,0.0,,,,,,,,,,,,,,,0.09857405074367248,0.027009964200865672,,
2024-03-28 00:00:00+00:00,70847.0,-0.036327315004211116,0.21458079926814416,0.521377902000591,66972.23333333334,52713.27777777778,44396.9,0.03205530960342466,0.02770533761734376,-0.03567539609081505,,,,,,,,,,,,,,,0.17479593321432815,0.026604200607448333,,
2024-04-12 00:00:00+00:00,66856.0,-0.057981569562942356,-0.09430888456715358,0.44614314685437584,68146.13333333333,56814.76666666667,47859.47222222222,0.030813557740134077,0.026637094738590796,-0.08999836663581429,,,,,,,,,,,,,,,0.24332854877047108,0.027070836810617137,,
2024-04-27 00:00:00+00:00,63315.0,-0.05441878479656325,-0.11240035435950566,0.41123867274016856,66529.73333333334,60587.63333333333,50568.86666666667,0.025240729808986485,0.02678716016318223,-0.13819622148418365,,,,,,,,,,,,,,,0.39271204308050056,0.02689012955214402,,
2024-05-12 00:00:00+00:00,61394.0,-0.030810157394079385,-0.08522894219064266,0.2104021544671694,62942.1,63440.62222222222,52744.77777777778,0.025077803146710057,0.028121635428391408,-0.16434365982468557,,,,,,,,,,,,,,,0.5154343312497024,0.026585934542960002,,
2024-05-27 00:00:00+00:00,69187.0,0.11950087319531627,0.08869071580123673,0.19087116070987542,64483.2,65995.05555555556,55245.36666666667,0.02937122517415711,0.02904959757389887,-0.058270267327271696,,,,,,,,,,,,,,,0.4543513954511437,0.026115291643859038,,
2024-06-11 00:00:00+00:00,67402.0,-0.02613829263529502,0.0933625805600212,-0.08617524619777502,68077.06666666667,66388.43333333333,57508.21111111111,0.02408525059179081,0.02667791632496812,-0.08256655959057002,,,,,,,,,,,,,,,0.47771469067032096,0.026222629601705356,,
2024-06-26 00:00:00+00:00,60955.0,-0.10053880405140392,-0.12667709668669905,-0.15038673524496785,66723.83333333333,65912.25555555556,59312.76666666667,0.021452053886522618,0.02548531310423414,-0.1703190504709533,,,,,,,,,,,,,,,0.5627303299236331,0.025841616130134165,,
2024-07-11 00:00:00+00:00,57374.0,-0.06054464798219027,-0.16108345203359428,-0.15294981366421576,61852.433333333334,64290.53333333333,60552.65,0.023427701650480814,0.02419848015473436,-0.219061360047912,,,,,,,,,,,,,,,0.7175192090552599,0.02567180603920975,,
2024-07-26 00:00:00+00:00,68013.0,0.17010762433988288,0.10956297635769265,0.07157659547223046,61820.36666666667,64342.46666666667,62465.05,0.025486199579061914,0.025602862459909996,-0.07425001361136818,,,,,,,,,,,,,,,0.5506636753285067,0.025218828423559592,,
2024-08-10 00:00:00+00:00,61023.0,-0.10844802108634248,0.06165960325354056,-0.006061268220032651,63110.13333333333,64346.544444444444,63893.583333333336,0.036593874689253555,0.028611261332009377,-0.16939347743235145,,,,,,,,,,,,,,,0.6704743055992493,0.02371949096670112,,
2024-08-25 00:00:00+00:00,64220.0,0.0510638463729082,-0.057384174713434336,-0.07449829504244065,61110.2,63218.13333333333,64606.59444444445,0.03553553949463773,0.028002000515754504,-0.1258779332498503,,,,,,,,,,,,,,,0.5394012770992742,0.0234927779500935,,
2024-09-09 00:00:00+00:00,57103.0,-0.1174580339749961,-0.06639418760208797,-0.1658180363821418,59212.03333333333,61391.53333333333,63889.98333333333,0.02640549372133793,0.02918450456238003,-0.20400624494689013,,,,,,,,,,,,,,,0.6694459244773133,0.023237322429291073,,
2024-09-24 00:00:00+00:00,64260.0,0.11808069900134054,0.0006226650263446357,0.05280146667060278,59469.2,60799.92222222222,63356.08888888889,0.022309011829293745,0.028118790999990064,-0.10424043045526776,,,,,,,,,,,,,,,0.5674459740044268,0.022952544034737298,,
2024-10-09 00:00:00+00:00,60582.0,-0.058939534437473434,0.05914116456386714,0.05440658021531974,61919.433333333334,61413.86666666667,62852.2,0.01882369380227601,0.027982232019278595,-0.1501318668986028,,,,,,,,,,,,,,,0.6975200952648991,0.022960132793085546,,
2024-10-24 00:00:00+00:00,68155.0,0.1177867037725673,0.058847169335094034,0.002085659648004192,64504.63333333333,61694.677777777775,63018.572222222225,0.019815384051775457,0.02653501544259035,-0.04389484316256098,,,,,,,,,,,,,,,0.48809696793144713,0.023276378593971067,,
2024-11-08 00:00:00+00:00,76561.0,0.11630328568758252,0.2340899894601499,0.22683696642192921,68393.16666666667,63174.87777777778,63760.71111111111,0.02384712863918863,0.0233455133140743,0.0,,,,,,,,,,,,,,,0.28994834696150373,0.022963899380642524,,
2024-11-23 00:00:00+00:00,97775.0,0.24458111193118887,0.36088439761877145,0.42035423198020994,80516.6,68163.47777777778,65690.80555555556,0.03051183633437753,0.024929447561487402,-0.012503408643309455,,,,,,,,,,,,,,,-0.11871673656902403,0.022411202402762922,,
2024-12-08 00:00:00+00:00,101204.0,0.03446936112236746,0.2790504730535563,0.5722816270775734,93679.6,74664.06666666667,68027.8,0.028729941910074653,0.024079513385069314,0.0,,,,,,,,,,,,,,,-0.11030511183067108,0.022523338815170935,,
2024-12-23 00:00:00+00:00,94750.0,-0.06589643780140952,-0.0314270766790421,0.3883044902748233,98391.16666666667,81137.46666666666,70968.69444444444,0.024518825433526858,0.025667122933622385,-0.10770621639183708,,,,,,,,,,,,,,,-0.19039094488090308,0.022343384105360273,,
2025-01-07 00:00:00+00:00,96946.0,0.02291227849436603,-0.0429841593070434,0.47015630320666285,98165.2,86745.98888888888,74079.92777777778,0.025600939430831353,0.026279257998691647,-0.0870257187791349,,,,,,,,,,,,,,,,,,
2025-01-22 00:00:00+00:00,103632.0,0.06669203998365938,0.08960431847802557,0.41906163941775487,97744.1,92217.28888888888,76955.98333333334,0.024583259202536893,0.026951583544772,-0.024061325774341502,,,,,,,,,,,,,,,,,,
2025-02-06 00:00:00+00:00,96573.0,-0.07054696339595194,-0.0038549234122925435,0.23221139033422042,100190.8,97345.2,80260.03888888888,0.02231532103094215,0.025843855378065623,-0.09053838982172957,,,,,,,,,,,,,,,,,,
2025-02-21 00:00:00+00:00,96131.0,-0.004587354441151148,-0.07513431783710309,-0.016957076038119648,99069.13333333333,98401.46666666666,83282.47222222222,0.016675469534466848,0.022110389865505467,-0.09470085792046112,,,,,,,,,,,,,,,,,,
2025-03-08 00:00:00+00:00,86192.0,-0.10913447866528019,-0.1137218331064313,-0.16056091582576731,92804.46666666666,97053.48888888888,85858.77777777778,0.031163895674426262,0.026355235460202475,-0.1882998860500814,,,,,,,,,,,,,,,,,,
2025-03-23 00:00:00+00:00,86084.0,-0.0012538022028393847,-0.1103882808681196,-0.09591828022719719,86088.73333333334,94300.65555555555,87719.0611111111,0.03769677317883121,0.02755177913203733,-0.1893169597031652,,,,,,,,,,,,,,,,,,
2025-04-07 00:00:00+00:00,79127.0,-0.0842694071291473,-0.08552320933198665,-0.20309996585071047,83535.86666666667,92177.04444444444,89461.51666666666,0.028351518644472336,0.027259305892969633,-0.2548334541893076,,,,,,,,,,,,,,,,,,
2025-04-22 00:00:00+00:00,93481.0,0.16670405048264408,0.08243464335349686,-0.10308795535172574,84011.23333333334,89723.03333333334,90970.16111111111,0.029803437401540307,0.029171387737117267,-0.11965683181557063,,,,,,,,,,,,,,,,,,
2025-05-07 00:00:00+00:00,97054.0,0.03750931754494258,0.20421336802758663,0.004968325589168597,89681.03333333334,88673.78888888888,93009.49444444444,0.025135737182641452,0.028415455359272184,-0.08600864512605122,,,,,,,,,,,,,,,,,,
2025-05-22 00:00:00+00:00,111743.0,0.14093406707691566,0.17844338462185824,0.1504897471072355,100107.16666666667,90069.04444444444,94235.25555555556,0.016322009578034036,0.02924859655648311,0.0,,,,,,,,,,,,,,,,,,
2025-06-06 00:00:00+00:00,104393.0,-0.06803896831852321,0.07289509875839241,0.1915852574539924,105633.33333333333,92950.07777777778,95001.78333333334,0.01963518025576464,0.02468149313038286,-0.06577593227316247,,,,,,,,,,,,,,,,,,
2025-06-21 00:00:00+00:00,102139.0,-0.02182799270424943,-0.08986696102277279,0.1710110669525823,106085.66666666667,96734.6888888889,95517.67222222222,0.016655756525578463,0.02191970109529461,-0.08594721817026574,,,,,,,,,,,,,,,,,,
2025-07-06 00:00:00+00:00,109233.0,0.0671485847725229,0.04532059206827342,0.32242905885425244,106562.9,100625.75555555556,96401.4,0.01615911693905287,0.020542089388298348,-0.022462257143624265,,,,,,,,,,,,,,,,,,
2025-07-21 00:00:00+00:00,117437.0,0.07241880412035562,0.13956738889287848,0.22814381249196394,111729.2,105974.01111111112,97848.52222222222,0.014899254370950726,0.016287469096893558,-0.020370540294797235,,,,,,,,,,,,,,,,,,
2025-08-05 00:00:00+00:00,114133.0,-0.02853758454633449,0.043881219574020976,0.162096910400687,116535.86666666667,109577.36666666667,99125.57777777778,0.013531483507592186,0.01644904241181197,-0.0489788436060028,,,,,,,,,,,,,,,,,,
2025-08-20 00:00:00+00:00,114263.0,0.0011383738247504865,-0.027399210721583953,0.022301217148521697,117079.43333333333,111631.43333333333,100850.23888888888,0.015534314952745114,0.01587124937199662,-0.07374351491569386,,,,,,,,,,,,,,,,,,
2025-09-04 00:00:00+00:00,110747.0,-0.03125448833697523,-0.030116114512224713,0.05908569713006978,114461.63333333333,112520.13333333333,102735.10555555555,0.018891062515396975,0.016199498247367477,-0.1022454604409857,,,,,,,,,,,,,,,,,,
2025-09-19 00:00:00+00:00,115702.0,0.04376959961268988,0.012515111275714641,0.12468328944700924,112886.73333333334,113898.45555555556,105316.57222222222,0.015208758613517505,0.01523245978632047,-0.06207846952010376,,,,,,,,,,,,,,,,,,
2025-10-04 00:00:00+00:00,122441.0,0.056611361174529334,0.10038096078721913,0.11414606584901545,114545.76666666666,115181.08888888889,107903.42222222222,0.01446436550281694,0.015726621417835096,-0.00744974059662773,,,,,,,,,,,,,,,,,,
2025-10-19 00:00:00+00:00,108684.0,-0.1191846921286476,-0.06257333095411827,-0.07745743039998758,114847.12299999999,114937.76322222222,110455.88716666667,0.023191504790960462,0.01817444931858922,-0.1286319030209736,,,,,,,,,,,,,,,,,,
2025-11-03 00:00:00+00:00,106548.0,-0.01984900134262166,-0.13903369347126926,-0.06876884719627474,112635.08533333334,113880.82844444444,111729.09755555555,0.02237219733261272,0.018929040905815105,-0.14575716759669044,,,,,,,,,,,,,,,,,,
2025-11-18 00:00:00+00:00,92960.83,-0.1364173662030198,-0.15626636754564152,-0.20632458722404515,105086.43,110940.09544444444,111285.76438888889,0.02159015728604391,0.020195682046263364,-0.25469156885382593,,,,,,,,,,,,,,,,,,
2025-12-03 00:00:00+00:00,93429.95,0.00503373600953795,-0.1313836301934819,-0.170036362877532,94401.76166666667,107194.20455555555,109857.16894444445,0.026886590410607227,0.021924383992425023,-0.2509304246039382,,,,,,,,,,,,,,,,,,
2025-12-18 00:00:00+00:00,87683.75,-0.0634753661989933,-0.05844163018945539,-0.2772813286892152,89739.37700000001,103753.76588888888,108674.04405555555,0.023318435679185488,0.02242867911694815,-0.29700027259316275,,,,,,,,,,,,,,,,,,
